ClientId,RaceId
1,1
2,3
3,1
4,1
5,2
6,2
7,1
8,1
9,1
10,1
11,1
12,1
13,1
14,1
15,2
16,1
17,1
18,1
18,2
19,1
20,1
21,1
22,2
23,1
24,2
25,1
26,1
27,1
28,2
29,2
30,1
31,1
32,1
33,1
34,2
35,1
36,2
37,2
38,2
39,1
40,1
41,2
42,2
43,1
44,2
45,2
46,1
47,1
48,1
49,2
50,1
51,1
52,2
53,1
54,5
55,2
56,1
57,1
58,1
59,1
60,2
61,2
62,2
63,1
64,1
65,1
66,2
67,1
68,2
69,1
70,1
71,1
72,1
73,1
74,1
75,1
76,1
77,1
78,2
79,1
80,2
81,1
82,2
83,1
84,2
85,1
86,1
87,1
88,2
89,1
90,1
91,1
92,2
93,1
94,2
95,1
96,1
97,1
98,1
99,1
100,3
101,1
102,2
103,1
104,1
105,1
106,1
107,1
108,2
109,2
110,1
111,1
112,1
113,1
114,2
115,1
116,2
117,2
118,1
119,1
120,2
121,2
122,2
123,2
124,1
125,2
126,1
127,1
128,1
129,1
130,1
131,2
132,1
133,1
134,2
135,3
136,2
137,1
138,2
139,1
140,2
141,1
142,1
143,1
144,1
145,2
146,2
147,1
148,1
149,1
150,1
151,2
152,2
153,1
154,1
155,2
156,2
157,1
158,1
159,1
160,1
161,1
162,3
163,2
164,2
165,2
166,2
167,3
168,1
169,1
170,2
171,1
172,2
173,1
174,1
175,1
176,1
177,2
178,1
179,1
180,1
181,2
182,2
183,2
184,1
185,1
185,5
186,1
187,1
188,1
189,1
190,2
191,1
192,2
193,1
194,1
195,1
196,1
197,2
198,5
199,1
200,1
201,1
202,2
203,2
204,1
205,2
206,1
207,1
208,1
209,2
210,1
211,1
212,2
213,1
214,2
215,1
216,1
217,2
218,1
219,1
220,3
221,1
222,1
223,1
224,2
225,1
226,2
227,2
228,1
229,1
230,1
231,2
232,2
233,1
234,1
235,1
236,1
237,2
238,1
239,2
240,2
241,1
242,2
243,2
244,1
245,1
246,1
247,1
248,2
249,2
250,2
251,2
252,1
253,2
254,1
255,1
256,2
257,1
257,2
258,1
259,1
260,2
261,1
262,2
263,1
264,1
265,1
266,1
267,2
268,1
269,1
270,1
271,1
272,2
273,2
274,1
275,1
276,1
277,1
278,3
279,1
280,2
281,1
282,2
283,2
284,1
285,2
286,1
287,1
288,1
289,3
290,2
291,1
292,3
293,2
294,2
295,2
296,2
297,5
298,1
299,1
300,1
301,1
302,1
303,2
304,2
305,1
306,1
307,1
308,1
309,1
310,2
311,3
312,1
313,1
314,1
315,2
316,2
317,2
318,1
319,1
320,1
321,2
322,1
323,1
324,2
325,1
326,1
327,1
328,1
329,1
329,3
330,1
331,1
332,1
333,2
334,2
335,1
336,2
337,1
338,2
339,1
340,2
341,1
342,2
343,2
344,1
345,1
346,1
347,1
348,2
349,2
350,2
351,1
352,1
353,1
354,2
355,2
356,1
357,1
358,3
359,1
360,2
361,1
362,1
363,2
364,1
365,2
366,1
367,2
368,1
369,1
370,1
371,1
372,2
373,1
374,1
375,1
376,2
376,5
377,1
378,1
379,1
380,1
381,1
382,1
383,1
384,2
385,5
386,1
387,2
388,1
389,1
390,1
391,1
392,2
393,1
394,3
395,2
396,2
397,1
398,2
399,1
400,1
401,1
402,1
403,1
404,2
405,1
406,2
407,1
408,1
409,2
410,1
411,2
412,1
413,1
414,1
415,1
416,1
417,1
418,1
419,2
420,1
421,1
422,1
423,1
424,3
425,1
426,1
427,1
428,1
429,1
430,2
431,3
432,2
433,2
434,2
435,1
436,1
437,2
438,3
439,2
440,1
441,2
442,1
443,1
444,1
445,1
446,1
447,1
448,1
449,1
450,1
451,1
452,1
453,2
454,1
455,1
456,1
457,1
458,1
459,1
460,2
461,1
462,2
463,1
464,1
465,1
466,2
467,1
468,1
469,1
470,1
471,1
472,1
473,1
474,2
475,1
476,2
477,1
478,2
479,2
480,1
481,1
482,1
483,1
484,2
485,1
486,1
487,1
488,1
489,1
490,2
491,1
492,1
493,2
494,1
495,1
496,1
497,2
498,1
499,1
500,1
501,1
502,2
503,1
504,1
505,1
506,1
507,1
508,1
509,1
510,1
511,1
512,1
513,3
514,1
515,1
516,1
517,3
518,1
519,1
520,2
521,1
522,5
523,2
524,5
525,1
526,2
527,2
528,1
529,1
530,1
531,1
532,1
533,1
534,1
535,1
536,1
537,1
538,1
539,1
540,3
541,2
542,1
543,1
544,2
545,1
546,1
547,1
548,1
549,3
550,2
551,2
552,1
553,2
554,2
555,2
556,1
557,1
558,1
559,1
560,1
561,1
562,1
563,1
564,1
565,1
566,1
567,1
568,1
569,2
570,1
571,1
572,1
573,1
574,1
575,1
576,1
577,1
578,2
579,1
580,1
581,1
582,1
583,1
584,1
585,1
586,1
587,1
588,1
589,1
590,1
591,1
592,1
593,2
594,1
595,5
596,2
597,2
598,1
599,2
600,1
601,1
602,1
603,1
604,1
605,1
606,1
607,2
608,1
609,2
610,1
611,2
612,1
613,2
614,1
615,1
616,1
617,1
618,1
619,1
620,2
621,1
622,1
623,1
624,1
625,1
626,1
627,2
628,2
629,1
630,1
631,1
632,1
633,2
634,2
635,2
636,1
636,2
637,1
638,2
639,1
640,1
641,1
642,1
643,2
644,1
645,2
646,3
647,1
648,1
649,1
650,2
651,1
652,1
653,1
654,1
655,1
656,2
657,1
658,1
659,1
660,1
661,1
662,1
663,1
664,2
665,2
666,1
667,1
668,1
669,2
670,1
671,1
672,1
673,2
674,1
675,1
676,1
677,2
678,3
679,1
680,1
681,1
682,2
683,2
684,1
685,1
686,2
687,1
688,2
689,2
690,1
691,2
692,1
693,1
694,1
695,1
696,2
697,1
698,2
699,1
700,1
701,2
702,1
703,2
704,2
705,1
706,2
707,1
708,1
709,1
710,1
711,1
712,1
713,2
714,2
715,1
716,2
717,1
718,1
719,2
720,3
721,2
722,1
723,2
724,1
725,2
726,1
727,2
728,1
729,2
730,3
731,1
732,2
733,1
734,1
735,1
736,1
737,1
738,2
739,1
740,1
741,2
742,1
743,2
744,2
745,1
746,1
747,1
748,1
749,2
750,5
751,2
752,1
753,2
754,2
755,1
756,2
757,1
758,1
759,1
760,1
761,2
762,1
763,1
764,1
765,1
766,1
767,2
768,2
769,1
770,2
771,1
772,3
773,1
774,1
775,1
776,1
777,1
778,2
778,5
779,1
780,2
781,1
782,2
783,1
784,1
785,1
786,2
787,1
788,1
789,1
790,2
791,1
792,1
793,2
794,1
795,1
796,1
797,1
798,1
799,1
800,1
801,1
802,1
803,1
804,2
805,3
806,3
807,3
808,2
809,2
810,2
811,1
812,2
813,1
814,1
815,2
816,5
817,1
818,1
819,2
820,1
821,1
822,1
823,2
824,1
825,3
826,1
827,2
828,1
829,1
830,1
831,3
832,2
833,1
834,2
835,1
836,1
837,1
837,2
838,1
839,1
840,1
841,1
842,2
843,1
844,1
845,1
846,1
847,1
848,2
849,1
850,3
851,1
852,2
853,2
854,1
855,1
856,1
857,2
858,5
859,1
859,5
860,1
861,2
862,2
863,2
864,2
865,2
866,2
867,2
868,1
869,1
870,2
871,1
872,2
873,2
874,1
875,1
876,1
877,1
878,1
879,1
879,2
880,1
881,1
882,1
883,2
884,1
885,1
886,1
887,1
888,2
889,1
890,1
891,1
892,1
893,1
894,1
895,2
896,1
897,1
898,2
899,1
900,2
901,1
902,1
903,1
904,1
905,2
906,1
907,1
908,1
909,1
910,1
911,1
912,1
913,2
914,1
915,1
916,1
917,1
918,1
919,1
920,2
921,2
922,1
923,2
924,1
925,1
926,1
927,1
928,1
929,1
930,2
931,1
932,2
933,1
934,1
935,1
936,2
936,5
937,1
938,1
939,1
940,1
941,3
942,1
943,1
944,1
945,2
946,1
947,1
948,1
949,1
950,1
951,2
952,1
953,1
954,1
955,1
956,1
957,1
958,1
959,1
960,1
961,1
962,1
963,1
964,1
965,1
966,1
967,1
968,1
969,1
970,1
971,1
972,2
973,2
974,2
975,1
976,2
977,2
978,1
979,1
980,1
981,1
981,2
982,1
983,1
984,1
985,1
986,1
987,2
988,1
989,1
990,2
991,1
992,1
993,1
994,1
995,1
996,1
997,1
998,1
999,1
1000,1
1001,1
1002,1
1003,1
1004,1
1005,1
1006,1
1007,1
1008,1
1009,1
1010,1
1011,1
1012,1
1013,1
1014,1
1015,1
1016,5
1017,2
1018,1
1019,1
1020,1
1021,2
1022,1
1023,3
1024,1
1025,2
1026,2
1027,2
1028,2
1029,2
1030,1
1031,1
1032,1
1033,1
1034,1
1035,2
1036,1
1037,1
1038,1
1039,1
1040,1
1041,1
1042,1
1043,2
1044,1
1045,2
1046,1
1047,1
1048,1
1049,1
1050,1
1051,1
1052,1
1053,3
1054,1
1055,1
1056,1
1057,1
1058,1
1059,1
1060,1
1061,1
1062,1
1063,1
1064,1
1065,1
1066,3
1067,1
1067,2
1068,1
1069,1
1070,2
1071,2
1072,1
1073,1
1074,1
1075,1
1076,1
1077,1
1078,1
1079,1
1080,1
1081,1
1082,1
1083,1
1084,1
1085,1
1086,1
1087,1
1088,1
1089,1
1090,1
1091,1
1092,1
1093,1
1094,1
1095,1
1096,1
1097,1
1098,1
1099,1
1100,1
1101,1
1102,1
1103,1
1104,1
1105,1
1106,1
1107,1
1108,1
1109,2
1110,1
1111,1
1112,2
1113,2
1114,1
1115,1
1116,1
1117,1
1118,1
1119,1
1120,1
1121,2
1122,2
1123,2
1124,1
1125,1
1126,3
1127,1
1128,1
1129,2
1130,2
1131,2
1132,1
1133,1
1134,1
1135,1
1136,1
1137,1
1138,1
1139,1
1139,2
1140,2
1141,1
1142,1
1143,1
1144,1
1145,2
1146,1
1147,1
1148,1
1149,1
1150,1
1151,2
1152,1
1153,1
1154,1
1155,1
1156,1
1157,1
1158,2
1159,1
1160,1
1161,1
1162,1
1163,1
1164,1
1165,1
1166,1
1167,1
1168,1
1169,1
1170,1
1171,1
1172,1
1173,1
1174,1
1175,2
1176,2
1177,1
1178,1
1179,1
1180,1
1181,1
1182,1
1183,1
1184,1
1185,1
1186,1
1187,1
1188,1
1189,3
1190,1
1191,1
1192,1
1193,3
1194,2
1195,1
1196,1
1197,1
1198,1
1199,1
1200,1
1201,1
1202,1
1203,1
1204,1
1205,1
1206,1
1207,1
1208,1
1209,5
1210,2
1211,1
1212,1
1213,1
1214,1
1215,1
1216,1
1217,1
1218,1
1219,1
1220,1
1221,1
1222,1
1223,1
1224,1
1225,1
1226,2
1227,1
1228,1
1229,1
1230,5
1231,1
1232,1
1233,1
1234,1
1235,1
1236,1
1237,1
1238,2
1239,2
1240,1
1241,1
1242,2
1243,1
1244,2
1245,1
1246,1
1247,2
1248,1
1249,2
1250,1
1251,1
1252,1
1253,2
1254,1
1255,1
1256,2
1257,1
1258,1
1259,2
1260,1
1261,1
1262,1
1263,1
1264,1
1265,1
1266,1
1267,1
1268,1
1269,1
1270,1
1271,1
1272,1
1273,3
1274,2
1275,2
1276,1
1277,3
1278,1
1279,1
1280,1
1281,2
1282,1
1283,2
1284,2
1285,1
1286,1
1287,2
1288,2
1288,5
1289,1
1290,1
1291,2
1292,1
1293,1
1294,1
1295,2
1296,3
1297,1
1298,1
1299,1
1300,2
1301,1
1302,1
1303,1
1304,1
1305,2
1306,1
1307,1
1308,2
1309,1
1310,1
1311,1
1312,1
1313,2
1314,2
1315,2
1316,1
1317,2
1318,5
1319,1
1320,1
1321,2
1322,1
1323,5
1324,1
1325,1
1326,1
1327,2
1328,2
1329,2
1330,1
1331,1
1332,1
1333,1
1334,1
1335,2
1336,1
1337,1
1338,1
1339,1
1340,1
1341,1
1342,1
1343,2
1344,1
1345,2
1346,1
1347,1
1348,1
1349,1
1350,1
1351,1
1352,2
1353,1
1354,1
1355,1
1356,1
1357,1
1358,1
1359,1
1360,2
1361,1
1362,2
1363,2
1364,2
1365,2
1366,2
1367,1
1368,2
1369,2
1370,1
1371,1
1372,2
1373,1
1374,1
1375,1
1376,2
1377,1
1378,2
1379,2
1380,1
1381,1
1382,2
1383,1
1384,1
1385,4
1386,2
1387,2
1388,1
1389,1
1390,5
1391,1
1392,1
1393,1
1394,1
1395,1
1396,1
1397,1
1398,2
1399,1
1400,2
1401,2
1402,1
1403,3
1404,2
1405,1
1406,3
1407,2
1408,2
1409,1
1410,1
1411,1
1412,2
1413,1
1414,1
1415,2
1416,2
1417,2
1418,2
1419,1
1420,1
1421,1
1422,1
1423,2
1424,1
1425,1
1426,2
1427,1
1428,2
1429,2
1430,1
1431,2
1432,2
1433,2
1434,1
1435,1
1436,1
1437,1
1438,2
1439,2
1440,1
1441,1
1442,1
1443,2
1444,1
1445,1
1446,2
1447,1
1448,1
1449,1
1450,2
1451,2
1452,1
1453,1
1454,1
1455,1
1456,1
1457,2
1458,1
1459,2
1460,1
1461,1
1462,1
1463,1
1464,1
1465,2
1466,1
1467,2
1468,1
1469,1
1470,1
1471,1
1472,2
1473,2
1474,2
1475,1
1476,2
1477,3
1478,1
1479,2
1480,1
1481,1
1482,1
1483,2
1484,1
1485,1
1486,1
1487,2
1488,1
1489,2
1490,3
1491,2
1492,2
1493,1
1494,2
1495,1
1496,1
1497,1
1498,2
1499,2
1500,1
1501,1
1502,2
1503,1
1504,2
1505,2
1506,1
1507,1
1508,1
1509,1
1510,1
1511,1
1512,1
1513,1
1514,1
1515,2
1516,1
1517,1
1518,1
1519,1
1520,2
1521,1
1522,2
1523,2
1524,1
1525,5
1526,1
1527,1
1528,1
1529,1
1530,1
1531,1
1532,1
1533,1
1534,3
1535,1
1536,1
1537,1
1538,1
1539,1
1540,1
1541,2
1542,1
1543,1
1544,1
1545,2
1546,1
1547,1
1548,1
1549,1
1550,1
1551,2
1552,2
1553,1
1554,5
1555,1
1556,2
1557,2
1558,1
1559,1
1560,1
1561,1
1562,1
1563,2
1564,1
1565,1
1566,1
1567,1
1568,1
1569,2
1570,2
1571,2
1572,1
1573,2
1574,2
1575,1
1576,2
1577,1
1578,1
1579,1
1580,1
1581,1
1582,1
1583,1
1584,2
1585,2
1586,1
1587,1
1588,2
1589,2
1590,4
1591,2
1592,1
1593,1
1594,1
1595,2
1596,2
1597,1
1598,1
1599,1
1600,2
1601,3
1602,1
1603,3
1604,1
1605,1
1606,1
1607,1
1608,2
1609,1
1610,2
1611,2
1612,1
1613,1
1614,1
1615,1
1616,2
1617,1
1618,2
1619,1
1620,1
1621,1
1622,1
1623,1
1624,1
1625,1
1626,1
1627,2
1628,2
1629,2
1630,2
1631,2
1632,1
1633,1
1634,1
1635,2
1636,1
1637,2
1638,1
1639,2
1640,2
1641,5
1642,1
1643,1
1644,2
1645,3
1646,1
1647,2
1648,1
1649,1
1650,2
1651,1
1652,1
1653,1
1654,2
1655,1
1656,1
1657,2
1658,1
1659,2
1660,1
1661,1
1662,1
1663,1
1664,2
1665,1
1666,2
1667,1
1668,2
1669,1
1670,1
1671,1
1672,2
1673,2
1674,1
1675,1
1676,1
1677,1
1678,1
1679,1
1680,2
1681,2
1682,2
1683,1
1684,1
1685,1
1686,1
1687,2
1688,1
1689,1
1690,1
1691,1
1692,1
1693,2
1694,1
1695,2
1696,1
1697,2
1698,1
1699,2
1700,2
1701,1
1702,1
1703,3
1704,1
1705,1
1706,1
1707,1
1708,1
1709,1
1710,1
1711,1
1712,1
1713,1
1714,2
1715,2
1716,1
1717,2
1718,1
1719,2
1720,1
1721,1
1722,2
1723,1
1724,1
1725,1
1726,2
1727,2
1728,1
1729,1
1730,1
1731,2
1732,1
1733,1
1734,2
1735,1
1736,5
1737,1
1738,1
1739,1
1740,2
1741,1
1742,2
1743,1
1744,1
1745,1
1746,1
1747,1
1748,2
1749,1
1750,1
1751,1
1752,2
1753,1
1754,2
1755,1
1756,1
1757,1
1758,1
1759,1
1760,2
1761,1
1762,1
1763,1
1763,2
1764,2
1765,2
1766,2
1767,1
1768,1
1769,1
1770,3
1771,1
1772,1
1773,1
1774,2
1775,1
1776,1
1777,3
1778,2
1779,1
1780,2
1781,2
1782,1
1783,1
1784,1
1785,1
1786,1
1787,2
1788,1
1789,1
1790,1
1791,1
1792,1
1793,2
1794,2
1795,1
1796,1
1797,1
1798,2
1799,2
1800,2
1801,2
1802,1
1803,1
1804,2
1805,2
1806,1
1807,1
1808,2
1809,1
1810,2
1811,2
1812,1
1813,1
1814,1
1815,1
1816,1
1817,1
1818,1
1819,2
1820,2
1821,2
1822,1
1823,1
1823,3
1824,2
1825,2
1826,2
1827,1
1828,2
1829,1
1830,2
1831,1
1832,2
1833,2
1834,2
1835,1
1836,1
1837,2
1838,1
1839,1
1840,1
1841,1
1842,1
1843,2
1844,2
1844,5
1845,1
1846,1
1847,2
1848,1
1849,1
1850,1
1851,1
1852,1
1853,1
1854,2
1855,1
1856,2
1857,1
1858,2
1859,1
1860,1
1861,1
1862,1
1863,1
1864,2
1865,1
1866,2
1867,1
1868,1
1869,1
1870,2
1871,1
1872,1
1873,1
1874,1
1875,2
1876,1
1877,2
1878,1
1879,1
1880,2
1881,3
1882,1
1883,1
1884,1
1885,1
1886,1
1887,1
1888,1
1889,1
1890,1
1891,2
1892,2
1893,1
1894,1
1895,2
1896,1
1897,2
1898,3
1899,2
1900,1
1901,2
1902,1
1903,2
1904,1
1905,1
1906,2
1907,1
1908,2
1909,2
1910,1
1911,1
1912,1
1913,3
1914,2
1915,1
1916,1
1917,1
1918,1
1919,1
1920,2
1921,2
1922,3
1923,2
1924,2
1925,2
1926,2
1927,1
1928,1
1929,2
1930,1
1931,2
1932,2
1933,1
1934,1
1935,2
1936,2
1937,2
1938,2
1939,2
1940,1
1941,1
1942,1
1943,2
1944,1
1945,2
1946,1
1947,1
1948,1
1949,2
1950,1
1951,2
1952,2
1953,2
1954,1
1955,3
1956,1
1957,1
1958,2
1959,1
1960,1
1961,1
1962,1
1963,1
1964,2
1965,1
1966,1
1967,1
1968,1
1969,1
1970,2
1971,1
1972,2
1973,2
1974,2
1975,2
1976,1
1977,1
1978,1
1979,1
1980,1
1981,2
1982,1
1983,2
1984,2
1985,1
1986,1
1987,1
1988,2
1989,2
1990,1
1991,3
1992,1
1993,1
1994,1
1995,1
1996,1
1997,1
1998,1
1999,1
2000,1
2001,2
2002,2
2003,1
2004,1
2005,2
2006,1
2007,1
2008,1
2009,1
2010,2
2011,1
2012,2
2013,1
2014,1
2015,1
2016,1
2017,2
2018,1
2019,1
2020,1
2021,1
2022,1
2023,1
2024,2
2025,1
2026,2
2027,1
2028,1
2029,1
2030,1
2030,2
2031,5
2032,2
2033,1
2034,1
2035,2
2036,1
2037,1
2038,1
2039,2
2040,1
2041,1
2042,1
2043,2
2044,1
2045,1
2046,2
2047,2
2048,2
2049,2
2050,1
2051,1
2052,1
2053,2
2054,2
2055,1
2056,2
2057,2
2058,1
2059,2
2060,1
2061,2
2062,1
2063,2
2064,1
2065,2
2066,2
2067,2
2068,1
2069,2
2070,1
2070,5
2071,2
2072,2
2073,1
2074,2
2075,2
2076,3
2077,1
2078,1
2079,1
2080,1
2081,2
2082,2
2083,1
2084,2
2085,2
2086,1
2087,1
2088,1
2089,1
2090,2
2091,1
2092,1
2093,2
2094,2
2095,1
2096,5
2097,1
2098,3
2099,2
2100,2
2101,1
2102,2
2103,1
2104,1
2105,1
2106,2
2107,1
2108,2
2109,1
2110,1
2111,2
2112,1
2113,1
2114,1
2115,5
2116,1
2117,1
2118,1
2119,1
2120,1
2121,1
2122,1
2123,1
2124,1
2125,2
2126,1
2127,1
2128,2
2129,1
2130,3
2131,1
2132,1
2133,2
2134,1
2135,2
2135,5
2136,1
2137,1
2138,2
2139,2
2140,1
2141,2
2142,1
2143,1
2144,1
2145,2
2146,2
2147,2
2148,2
2149,1
2150,2
2151,1
2152,2
2153,1
2154,1
2155,2
2156,2
2157,1
2158,2
2159,2
2160,2
2161,1
2162,1
2163,1
2164,1
2165,1
2166,1
2167,1
2168,2
2169,1
2170,1
2171,1
2172,2
2173,1
2174,2
2175,1
2176,1
2177,1
2178,2
2179,1
2180,3
2181,2
2182,1
2183,1
2184,1
2185,1
2186,1
2187,1
2188,1
2189,1
2190,1
2191,1
2192,2
2193,1
2194,1
2195,1
2196,1
2197,1
2198,5
2199,1
2200,2
2201,2
2202,1
2203,2
2204,1
2205,2
2206,3
2207,5
2208,1
2209,1
2210,1
2211,2
2212,1
2213,2
2214,1
2215,2
2216,1
2217,1
2218,1
2219,1
2220,2
2221,1
2222,1
2223,1
2224,2
2225,2
2226,1
2227,1
2228,1
2229,1
2230,1
2231,3
2232,3
2233,2
2234,1
2235,2
2236,5
2237,1
2238,1
2239,2
2240,4
2240,5
2241,2
2242,2
2243,1
2244,1
2245,1
2246,2
2247,2
2248,2
2249,1
2250,1
2251,1
2252,2
2253,2
2254,1
2255,2
2256,1
2257,1
2258,1
2259,1
2260,2
2261,1
2262,3
2263,3
2264,2
2265,1
2266,1
2267,1
2268,2
2269,1
2270,2
2271,1
2272,2
2273,2
2274,2
2275,2
2276,2
2277,2
2278,1
2279,2
2280,1
2281,1
2282,2
2283,2
2284,1
2285,1
2286,1
2287,2
2288,2
2289,2
2290,2
2291,1
2292,1
2292,2
2293,2
2294,1
2295,1
2296,2
2297,2
2298,1
2299,2
2300,1
2301,2
2302,2
2303,1
2304,1
2305,1
2306,3
2307,1
2308,1
2309,1
2310,1
2311,1
2312,1
2313,1
2314,1
2315,2
2316,1
2317,2
2318,1
2319,1
2320,2
2321,2
2322,1
2323,1
2324,2
2325,1
2326,1
2327,2
2328,1
2329,1
2330,1
2331,1
2332,1
2333,1
2334,1
2335,1
2336,1
2337,1
2338,1
2339,1
2340,1
2341,1
2342,1
2343,1
2344,3
2345,2
2346,2
2347,1
2348,2
2349,1
2350,1
2351,1
2352,1
2353,2
2354,1
2355,2
2356,1
2357,1
2358,1
2359,2
2360,2
2361,1
2362,1
2363,1
2364,2
2365,1
2366,2
2367,3
2368,1
2368,2
2369,2
2370,2
2371,1
2372,1
2373,1
2374,1
2375,2
2376,1
2377,2
2378,3
2379,1
2380,2
2381,2
2382,2
2383,1
2384,2
2385,1
2386,2
2387,1
2388,2
2389,1
2390,1
2391,1
2392,1
2393,2
2394,1
2395,2
2396,2
2397,2
2398,1
2399,1
2400,1
2401,1
2402,2
2403,1
2404,1
2405,2
2406,2
2407,1
2408,1
2409,2
2410,2
2411,1
2412,1
2413,1
2414,2
2415,1
2416,2
2417,2
2418,2
2419,2
2420,2
2421,1
2422,1
2423,2
2424,1
2425,1
2426,1
2427,1
2428,2
2429,2
2430,1
2431,2
2432,2
2433,1
2434,1
2435,1
2436,1
2437,1
2438,1
2439,1
2440,1
2441,2
2442,1
2443,2
2444,2
2445,1
2446,2
2447,1
2448,1
2448,2
2449,1
2450,2
2451,2
2452,1
2453,1
2454,2
2455,1
2456,2
2457,1
2458,1
2458,2
2459,2
2460,1
2461,1
2462,1
2463,1
2464,1
2465,3
2466,1
2467,1
2468,1
2469,1
2470,2
2471,1
2472,1
2473,1
2474,1
2475,2
2476,1
2477,1
2478,2
2479,1
2480,1
2481,2
2482,2
2483,2
2484,2
2485,1
2486,1
2487,1
2488,2
2489,2
2490,1
2491,2
2492,2
2493,1
2494,1
2494,5
2495,1
2496,1
2497,2
2498,1
2499,2
2500,1
2501,1
2502,2
2503,1
2504,2
2505,1
2506,1
2507,1
2508,1
2509,1
2510,1
2511,1
2512,1
2513,1
2514,2
2515,1
2516,1
2517,1
2518,1
2519,1
2520,1
2521,1
2522,1
2523,2
2524,2
2525,1
2526,2
2527,2
2528,1
2529,2
2530,1
2531,1
2532,2
2533,2
2534,2
2535,2
2536,1
2537,1
2538,1
2539,3
2540,1
2541,1
2542,1
2543,1
2544,1
2545,1
2546,1
2547,2
2548,1
2549,1
2550,1
2551,1
2552,1
2553,1
2554,1
2555,1
2556,1
2557,1
2557,2
2558,1
2559,1
2560,2
2561,1
2562,1
2563,1
2564,1
2565,2
2566,2
2566,3
2567,1
2568,1
2569,1
2570,1
2571,1
2572,2
2573,2
2574,1
2575,1
2576,1
2577,2
2578,1
2579,2
2580,1
2581,4
2582,1
2583,1
2584,2
2585,2
2586,2
2587,1
2588,2
2589,1
2590,1
2591,1
2592,1
2593,2
2594,2
2595,1
2596,1
2597,1
2598,1
2599,1
2600,2
2601,2
2602,1
2603,2
2604,1
2605,1
2606,2
2607,1
2608,1
2609,2
2610,2
2611,1
2612,2
2613,2
2614,2
2615,2
2616,2
2617,2
2618,2
2619,1
2620,1
2621,1
2622,2
2623,1
2624,1
2625,2
2626,1
2627,2
2628,1
2628,2
2629,1
2630,1
2631,5
2632,2
2633,2
2634,1
2635,1
2636,2
2637,4
2638,1
2639,1
2640,1
2641,1
2642,1
2643,2
2644,1
2645,3
2646,2
2647,2
2648,3
2649,1
2650,1
2651,3
2652,2
2653,3
2654,1
2655,2
2656,1
2657,1
2658,1
2659,1
2660,2
2661,1
2662,1
2662,5
2663,1
2664,1
2665,1
2666,1
2667,1
2668,2
2669,1
2670,1
2671,1
2672,1
2673,1
2674,3
2675,2
2676,2
2677,1
2678,2
2679,2
2680,2
2681,1
2682,1
2683,2
2684,1
2684,2
2685,3
2686,3
2687,1
2688,2
2689,2
2690,1
2691,1
2692,2
2693,2
2694,2
2695,1
2696,2
2697,2
2698,1
2699,1
2700,1
2701,1
2702,1
2703,1
2704,2
2705,1
2706,1
2707,1
2708,2
2709,1
2710,1
2711,2
2712,2
2713,2
2714,2
2715,1
2715,2
2716,2
2717,1
2718,2
2719,1
2720,1
2721,1
2722,1
2723,1
2723,2
2724,1
2725,2
2726,1
2727,1
2728,2
2729,2
2730,1
2731,3
2732,2
2733,3
2734,1
2735,2
2736,1
2737,1
2738,1
2739,2
2740,1
2741,1
2742,2
2743,2
2744,5
2745,1
2746,1
2747,2
2748,1
2749,2
2750,4
2751,2
2752,1
2753,1
2754,1
2755,1
2756,2
2757,2
2758,1
2759,1
2760,2
2761,1
2762,2
2763,1
2764,2
2765,2
2766,1
2767,2
2768,1
2769,2
2770,2
2771,2
2772,2
2773,1
2774,1
2775,2
2776,1
2777,1
2778,1
2779,1
2780,2
2781,2
2782,2
2783,2
2784,1
2785,1
2786,1
2787,1
2788,1
2789,1
2790,1
2791,1
2792,1
2793,1
2794,1
2795,1
2796,1
2797,1
2798,1
2799,2
2800,2
2801,2
2802,2
2803,2
2804,1
2805,1
2806,2
2807,2
2808,1
2809,2
2810,1
2811,1
2811,5
2812,1
2813,1
2814,1
2815,1
2816,2
2817,2
2818,2
2819,3
2820,1
2821,5
2822,2
2823,2
2824,1
2825,5
2826,2
2827,2
2828,2
2829,1
2830,1
2831,1
2832,1
2833,2
2834,2
2835,2
2836,1
2837,1
2838,1
2839,2
2840,1
2841,1
2842,1
2843,2
2844,3
2845,2
2846,2
2847,2
2847,4
2848,1
2849,2
2850,2
2851,1
2852,2
2853,2
2854,1
2855,1
2856,1
2857,1
2858,1
2859,2
2860,1
2861,1
2862,2
2863,2
2864,2
2865,2
2866,1
2867,1
2868,2
2869,1
2870,2
2871,1
2872,1
2873,3
2874,2
2875,1
2876,2
2877,2
2878,1
2879,1
2880,2
2881,1
2882,1
2883,2
2884,1
2885,1
2886,2
2887,3
2888,1
2889,2
2890,2
2891,2
2892,1
2893,1
2894,1
2895,2
2896,1
2897,2
2898,1
2899,2
2900,1
2901,3
2902,1
2903,1
2903,2
2904,2
2905,1
2906,1
2907,1
2908,1
2909,1
2910,1
2911,1
2912,3
2913,1
2914,2
2915,1
2916,1
2917,2
2918,1
2919,2
2920,1
2920,2
2921,1
2922,3
2923,2
2924,1
2925,2
2926,2
2927,2
2928,2
2929,3
2930,3
2931,2
2932,2
2933,1
2934,1
2935,1
2936,1
2937,2
2938,2
2939,1
2940,1
2941,1
2942,2
2943,2
2944,1
2945,2
2946,2
2947,1
2948,1
2949,1
2950,1
2951,2
2952,1
2953,5
2954,2
2955,1
2956,1
2957,1
2958,1
2959,2
2960,1
2961,2
2962,1
2963,1
2964,1
2965,1
2966,1
2967,1
2968,1
2969,2
2970,1
2971,2
2972,1
2973,2
2974,2
2975,1
2976,1
2977,2
2978,2
2979,2
2980,2
2981,2
2982,2
2983,5
2984,2
2985,2
2986,1
2987,2
2988,2
2989,2
2990,1
2991,1
2992,2
2993,2
2994,2
2995,2
2996,2
2997,2
2998,2
2999,2
3000,1
3001,2
3002,2
3003,2
3004,2
3005,2
3006,2
3007,2
3008,2
3009,2
3010,1
3011,2
3012,2
3013,1
3014,2
3015,2
3016,2
3017,2
3018,2
3019,2
3020,2
3021,2
3022,2
3023,2
3024,2
3025,2
3026,2
3027,2
3028,1
3029,2
3030,2
3031,2
3032,2
3033,2
3034,2
3035,2
3036,2
3037,2
3038,2
3039,2
3040,2
3040,5
3041,2
3042,2
3043,1
3044,2
3045,1
3046,1
3047,1
3048,2
3049,1
3050,2
3051,1
3052,2
3053,1
3054,2
3055,2
3056,1
3057,2
3058,1
3059,1
3059,5
3060,1
3061,1
3062,1
3063,2
3064,2
3065,2
3066,1
3067,2
3068,2
3069,1
3070,2
3071,1
3072,2
3073,1
3074,2
3075,2
3076,1
3077,1
3078,1
3079,1
3080,1
3081,2
3082,1
3083,2
3084,1
3085,2
3086,2
3087,1
3088,2
3089,2
3090,2
3091,2
3092,2
3093,2
3094,2
3095,2
3096,2
3097,1
3098,2
3099,2
3100,2
3101,2
3102,1
3103,2
3104,2
3105,2
3106,2
3107,2
3108,2
3109,2
3110,2
3111,2
3112,2
3113,2
3114,2
3115,2
3116,2
3117,2
3118,2
3119,2
3120,2
3121,2
3122,2
3123,1
3124,2
3125,2
3126,2
3127,2
3128,2
3129,2
3130,2
3131,1
3132,2
3133,2
3134,2
3135,2
3136,1
3137,2
3138,1
3139,1
3140,2
3141,2
3142,2
3143,2
3144,2
3145,2
3146,2
3147,1
3148,2
3149,1
3150,4
3151,2
3152,2
3153,2
3154,2
3155,2
3156,3
3157,1
3158,1
3159,2
3160,2
3161,1
3162,2
3163,2
3164,2
3165,2
3166,1
3167,2
3168,2
3169,2
3170,1
3171,2
3172,1
3173,2
3174,2
3175,1
3176,2
3177,2
3178,1
3178,3
3179,1
3179,2
3180,1
3181,1
3182,2
3183,2
3184,1
3185,1
3186,2
3187,2
3188,2
3189,1
3190,2
3191,1
3192,2
3193,2
3194,2
3194,5
3195,2
3196,1
3197,2
3198,1
3199,2
3200,1
3201,2
3202,1
3203,1
3204,2
3205,2
3206,1
3207,1
3208,1
3209,2
3210,1
3211,2
3212,2
3213,1
3214,2
3215,1
3216,2
3217,2
3218,2
3219,1
3220,2
3221,1
3222,2
3223,1
3224,1
3225,1
3226,1
3227,2
3228,1
3229,1
3230,1
3231,2
3232,3
3233,2
3234,2
3235,1
3236,3
3237,2
3238,2
3239,2
3240,1
3241,2
3242,2
3243,2
3244,2
3245,1
3246,2
3247,2
3248,2
3249,1
3250,2
3251,1
3252,1
3253,2
3254,2
3255,2
3256,2
3257,2
3258,2
3259,1
3260,1
3261,1
3262,1
3263,2
3264,2
3265,1
3266,2
3267,1
3268,1
3269,2
3270,2
3271,2
3272,5
3273,2
3274,2
3275,2
3276,2
3277,1
3278,1
3279,2
3280,2
3281,2
3282,1
3283,1
3284,2
3285,1
3286,1
3287,1
3288,1
3289,1
3290,1
3291,1
3292,2
3293,2
3294,1
3295,1
3296,1
3297,2
3298,1
3299,2
3300,1
3301,2
3302,1
3302,3
3303,2
3304,2
3305,2
3306,1
3307,2
3308,2
3309,1
3310,2
3311,2
3312,1
3313,1
3314,2
3315,1
3315,5
3316,1
3317,2
3318,1
3319,2
3320,3
3321,2
3322,1
3323,2
3324,2
3325,1
3326,2
3327,2
3328,1
3329,2
3330,1
3331,2
3332,2
3333,2
3334,1
3335,1
3336,1
3337,1
3338,2
3339,1
3340,1
3341,2
3342,1
3343,1
3344,1
3345,1
3346,2
3347,1
3348,1
3349,1
3350,1
3351,2
3352,2
3353,2
3354,2
3355,1
3356,2
3357,1
3358,1
3359,2
3360,3
3361,2
3362,1
3363,1
3364,2
3365,2
3366,2
3367,1
3368,1
3369,1
3370,2
3371,1
3372,1
3373,1
3374,2
3375,1
3376,2
3377,2
3378,1
3379,2
3380,2
3381,2
3382,2
3383,1
3384,1
3385,1
3386,1
3387,1
3388,1
3389,2
3390,3
3391,1
3392,1
3393,1
3394,2
3395,2
3396,1
3397,2
3398,3
3399,2
3400,1
3401,1
3402,1
3403,2
3404,2
3405,1
3406,2
3407,1
3408,2
3409,1
3410,2
3411,1
3412,1
3413,2
3414,1
3415,2
3416,2
3417,2
3417,5
3418,1
3419,1
3420,1
3421,2
3422,2
3423,1
3424,1
3425,1
3426,1
3427,1
3428,3
3429,1
3430,1
3431,1
3432,2
3433,2
3434,1
3435,2
3436,1
3437,1
3438,1
3439,1
3440,2
3441,1
3442,1
3443,2
3444,1
3445,2
3446,3
3447,1
3448,1
3449,2
3450,2
3451,2
3452,1
3453,1
3454,1
3455,2
3456,1
3457,1
3458,2
3459,1
3460,2
3461,2
3462,2
3463,1
3464,2
3465,3
3466,1
3467,1
3468,1
3469,2
3470,1
3471,1
3472,1
3473,1
3474,3
3475,2
3476,2
3477,1
3478,2
3479,2
3480,2
3481,2
3482,2
3483,2
3484,1
3485,2
3486,1
3486,2
3487,3
3488,2
3489,2
3490,2
3491,2
3492,1
3493,1
3494,5
3495,1
3496,2
3497,1
3498,1
3499,1
3500,1
3501,2
3502,2
3503,2
3504,2
3505,2
3506,2
3507,1
3508,1
3509,1
3510,1
3510,2
3511,3
3512,2
3513,2
3514,3
3515,2
3516,2
3517,1
3518,3
3519,1
3520,1
3521,2
3522,2
3523,1
3524,1
3525,2
3526,1
3527,2
3528,2
3529,2
3530,1
3531,1
3532,1
3533,1
3534,2
3535,1
3536,1
3537,1
3538,1
3539,1
3540,2
3541,2
3542,2
3543,1
3544,3
3545,2
3546,2
3547,2
3548,2
3549,3
3550,1
3551,1
3551,3
3552,2
3553,1
3554,2
3555,2
3556,1
3557,2
3558,1
3559,1
3560,2
3561,1
3562,1
3563,2
3564,2
3565,2
3566,2
3567,2
3568,2
3569,2
3570,2
3571,2
3572,2
3573,2
3574,2
3575,1
3576,1
3577,2
3578,1
3579,2
3580,2
3581,2
3582,2
3583,2
3584,1
3585,1
3585,2
3586,1
3587,2
3588,1
3589,1
3590,2
3591,2
3592,2
3593,2
3594,1
3595,1
3596,1
3597,1
3598,2
3599,2
3600,2
3601,1
3602,1
3603,2
3604,3
3605,2
3606,2
3607,2
3608,1
3609,2
3610,1
3611,2
3612,2
3613,2
3614,2
3615,2
3616,2
3617,1
3618,1
3619,2
3620,3
3621,2
3622,1
3623,1
3624,1
3625,2
3626,1
3626,2
3627,1
3628,2
3628,5
3629,1
3630,1
3631,1
3632,1
3633,1
3634,1
3635,2
3636,1
3637,2
3638,3
3639,2
3640,1
3641,2
3642,2
3643,2
3644,1
3645,1
3646,2
3647,1
3648,1
3649,2
3650,1
3651,1
3652,1
3653,2
3654,2
3655,1
3655,2
3656,2
3657,3
3658,1
3659,2
3660,1
3661,2
3662,3
3663,1
3664,2
3665,2
3666,2
3667,2
3668,1
3669,1
3670,2
3671,1
3672,1
3673,2
3674,2
3675,2
3676,2
3677,1
3678,2
3679,1
3680,2
3681,2
3682,3
3683,1
3684,1
3685,2
3686,2
3687,2
3688,2
3689,2
3690,1
3691,2
3692,1
3693,1
3694,1
3695,1
3696,2
3697,2
3698,2
3699,1
3700,1
3701,2
3702,3
3703,1
3704,1
3705,1
3706,1
3707,2
3708,2
3709,2
3710,1
3711,2
3712,1
3713,2
3714,1
3715,2
3716,2
3717,2
3718,2
3719,2
3720,2
3721,2
3722,1
3723,2
3724,2
3725,1
3726,1
3727,2
3728,1
3729,2
3730,2
3731,1
3732,1
3733,2
3734,2
3735,2
3736,1
3737,1
3738,2
3738,5
3739,1
3740,2
3741,2
3742,2
3743,1
3744,1
3744,5
3745,5
3746,1
3747,1
3748,1
3749,2
3750,1
3751,1
3752,1
3753,2
3754,5
3755,2
3756,2
3757,1
3758,2
3759,2
3759,3
3760,3
3761,1
3762,1
3763,2
3764,1
3765,2
3766,2
3767,1
3768,2
3769,2
3770,2
3771,2
3772,1
3773,1
3774,2
3775,2
3776,1
3777,2
3778,2
3779,2
3780,1
3781,1
3782,1
3783,2
3784,1
3785,1
3786,1
3787,1
3788,1
3789,1
3790,1
3791,1
3792,1
3793,2
3794,1
3795,1
3796,1
3797,1
3798,1
3799,1
3800,1
3801,1
3802,1
3803,1
3804,1
3805,1
3806,1
3807,1
3808,1
3809,1
3810,2
3811,1
3812,2
3813,1
3814,2
3815,2
3816,1
3817,1
3818,1
3819,1
3820,1
3821,2
3822,1
3823,1
3824,1
3825,1
3826,2
3827,2
3828,1
3829,1
3830,1
3831,2
3832,2
3833,1
3834,3
3835,1
3836,1
3837,2
3838,1
3839,2
3840,2
3841,1
3842,2
3843,1
3844,3
3845,1
3846,1
3847,1
3848,1
3849,1
3850,1
3851,1
3852,2
3853,1
3854,1
3855,1
3856,3
3857,1
3858,1
3859,1
3860,1
3861,1
3862,1
3863,1
3864,2
3865,2
3866,1
3867,2
3868,1
3869,2
3870,2
3871,1
3872,1
3873,4
3874,1
3875,2
3876,1
3877,1
3878,1
3879,2
3880,2
3881,2
3882,1
3883,2
3884,1
3885,1
3886,1
3887,1
3888,1
3889,2
3890,1
3891,2
3892,1
3893,1
3894,2
3895,1
3896,1
3897,1
3898,1
3899,2
3900,1
3901,1
3902,2
3903,1
3904,1
3905,2
3906,1
3907,1
3908,1
3909,3
3910,1
3911,1
3912,2
3913,1
3914,1
3915,1
3916,1
3917,2
3918,1
3919,2
3920,1
3921,1
3922,2
3923,1
3924,1
3925,2
3926,1
3927,1
3928,1
3929,1
3930,1
3931,1
3932,1
3933,2
3934,1
3935,2
3936,1
3937,1
3938,2
3939,1
3940,2
3941,1
3942,1
3943,2
3944,1
3945,2
3946,2
3947,2
3948,1
3949,2
3950,1
3951,2
3952,4
3953,1
3954,1
3955,1
3956,1
3957,1
3958,1
3959,1
3960,2
3961,2
3962,2
3963,1
3964,1
3965,1
3966,1
3967,2
3968,2
3969,1
3970,1
3971,1
3972,1
3973,1
3974,1
3975,2
3976,2
3977,1
3978,2
3979,1
3980,1
3981,1
3982,1
3983,1
3984,1
3985,1
3986,1
3987,1
3988,1
3989,1
3990,4
3991,2
3992,2
3993,2
3994,1
3995,1
3996,1
3997,1
3998,2
3999,1
4000,2
4001,2
4002,1
4003,2
4004,1
4005,1
4006,2
4007,2
4008,3
4009,1
4010,1
4011,1
4012,2
4013,2
4014,1
4015,1
4016,1
4017,1
4018,2
4019,2
4020,1
4021,1
4022,1
4023,1
4024,1
4025,2
4026,1
4027,1
4028,3
4029,1
4030,1
4031,2
4032,1
4033,1
4034,2
4035,1
4036,2
4037,3
4038,3
4039,1
4040,4
4041,3
4042,1
4043,1
4044,1
4045,2
4046,3
4047,2
4048,1
4049,1
4050,1
4051,1
4051,5
4052,1
4053,3
4054,2
4055,1
4056,1
4057,1
4058,2
4059,2
4060,1
4061,4
4062,1
4063,2
4064,1
4065,2
4066,2
4067,1
4068,1
4069,1
4070,2
4071,1
4072,2
4073,4
4074,1
4075,1
4076,2
4077,1
4078,2
4079,1
4080,1
4081,1
4082,1
4083,2
4083,5
4084,1
4085,2
4086,2
4087,2
4088,2
4089,2
4090,1
4091,2
4092,1
4093,1
4094,1
4095,2
4096,2
4097,2
4098,1
4099,2
4100,1
4101,2
4102,1
4103,2
4103,3
4104,1
4105,2
4106,1
4107,2
4108,1
4109,2
4110,1
4111,1
4112,1
4113,1
4114,2
4115,2
4116,2
4117,2
4118,1
4119,1
4120,1
4121,1
4122,2
4123,2
4124,1
4125,1
4126,1
4127,2
4128,1
4129,1
4130,1
4131,1
4132,1
4133,1
4134,1
4135,1
4136,1
4137,1
4138,1
4139,2
4140,1
4141,1
4142,2
4143,1
4144,1
4145,2
4146,1
4147,3
4148,1
4149,1
4150,1
4151,1
4152,2
4153,1
4154,1
4155,1
4156,2
4157,2
4158,1
4159,1
4160,2
4161,1
4162,5
4163,1
4164,1
4165,1
4166,2
4167,1
4168,3
4169,1
4170,2
4171,1
4172,1
4173,2
4174,3
4175,1
4176,1
4177,2
4178,1
4178,3
4179,1
4180,2
4181,2
4182,2
4183,2
4184,2
4185,1
4186,2
4187,2
4188,5
4189,2
4190,2
4191,1
4192,1
4193,2
4194,2
4195,1
4196,1
4197,1
4198,2
4199,1
4200,2
4201,2
4202,2
4203,2
4204,4
4205,1
4206,1
4207,1
4208,1
4209,1
4210,2
4211,2
4212,4
4213,1
4214,1
4215,4
4216,1
4217,2
4218,2
4219,1
4220,2
4221,2
4222,2
4223,2
4224,1
4225,2
4226,2
4227,1
4228,2
4229,1
4230,2
4231,2
4232,1
4233,1
4234,2
4235,2
4236,2
4237,1
4238,2
4239,1
4240,2
4241,2
4242,2
4243,1
4244,1
4245,2
4246,2
4247,1
4248,2
4249,1
4250,2
4251,3
4252,2
4253,1
4254,2
4255,2
4256,1
4257,1
4258,2
4258,5
4259,2
4260,1
4261,2
4262,1
4263,1
4264,1
4265,2
4266,2
4267,2
4268,2
4269,1
4270,1
4271,1
4272,1
4273,2
4274,1
4275,2
4276,1
4277,2
4278,2
4279,1
4280,1
4280,5
4281,1
4282,1
4283,1
4284,1
4285,1
4286,1
4287,2
4288,2
4289,2
4290,1
4291,2
4292,1
4292,3
4293,2
4294,1
4295,1
4296,2
4297,2
4298,1
4299,1
4300,1
4301,2
4302,1
4303,1
4304,1
4305,1
4306,1
4307,1
4308,1
4309,1
4310,1
4311,1
4312,2
4313,2
4314,1
4315,2
4316,1
4317,2
4318,1
4319,1
4320,3
4321,2
4322,2
4323,1
4324,1
4325,1
4326,2
4327,1
4327,2
4328,2
4329,2
4330,2
4331,3
4332,2
4333,2
4334,2
4335,2
4336,1
4337,2
4338,2
4339,3
4340,2
4341,2
4342,2
4343,2
4344,1
4345,1
4346,2
4347,1
4348,1
4349,1
4350,1
4351,2
4352,1
4353,1
4354,1
4355,1
4356,2
4357,2
4358,1
4359,2
4360,2
4361,2
4362,1
4363,1
4364,1
4365,2
4366,1
4367,1
4368,2
4369,1
4369,2
4370,2
4371,2
4372,2
4373,2
4374,1
4375,1
4376,2
4377,1
4378,2
4379,2
4380,2
4381,2
4382,2
4383,2
4384,3
4385,2
4386,1
4387,2
4388,2
4389,2
4390,2
4391,1
4392,1
4393,2
4394,1
4395,1
4396,1
4397,1
4398,2
4399,2
4400,1
4401,1
4402,2
4403,1
4404,1
4405,3
4406,1
4407,2
4408,3
4409,1
4410,2
4411,2
4412,2
4413,2
4414,2
4415,1
4416,1
4417,2
4418,1
4419,1
4420,1
4421,1
4422,1
4423,1
4424,2
4425,2
4426,2
4427,1
4428,1
4429,1
4430,1
4431,1
4432,2
4433,2
4434,1
4435,1
4436,2
4437,3
4438,2
4439,1
4440,1
4441,1
4442,2
4443,2
4444,2
4445,1
4446,1
4447,2
4448,2
4449,1
4450,1
4451,2
4452,1
4453,2
4454,1
4455,2
4456,2
4457,2
4458,2
4459,1
4460,2
4461,2
4462,1
4463,1
4464,2
4465,1
4466,1
4467,2
4468,1
4468,5
4469,2
4470,2
4471,2
4472,2
4473,1
4474,1
4475,2
4476,1
4477,2
4478,2
4479,2
4480,1
4481,1
4482,2
4483,1
4484,1
4485,1
4486,2
4487,3
4488,1
4489,1
4490,1
4491,1
4492,2
4493,1
4494,2
4495,2
4496,2
4497,2
4498,1
4499,1
4500,2
4501,2
4502,2
4503,2
4504,2
4505,2
4506,1
4507,2
4508,2
4509,2
4510,2
4511,3
4512,1
4513,1
4514,1
4515,1
4516,1
4517,2
4518,2
4519,1
4520,1
4521,1
4522,2
4523,2
4524,2
4525,1
4526,1
4527,5
4528,2
4529,1
4530,2
4531,1
4532,2
4533,2
4534,2
4535,2
4536,1
4537,2
4538,2
4539,2
4540,2
4541,2
4542,2
4543,1
4544,1
4545,2
4546,1
4546,2
4547,1
4548,2
4549,1
4550,1
4551,2
4552,2
4553,1
4554,2
4555,1
4556,3
4557,2
4558,5
4559,1
4560,2
4561,3
4562,2
4563,1
4564,1
4565,1
4566,2
4567,1
4568,1
4569,1
4570,2
4571,2
4572,1
4573,2
4574,1
4575,1
4576,2
4577,2
4578,2
4579,2
4580,5
4581,1
4582,2
4583,2
4584,2
4585,2
4586,2
4587,1
4588,2
4589,2
4590,2
4591,1
4592,2
4593,1
4594,1
4595,2
4596,1
4597,2
4598,1
4599,1
4600,1
4601,2
4602,2
4603,2
4604,2
4605,1
4606,1
4607,2
4608,2
4609,1
4610,1
4611,2
4612,1
4613,2
4614,2
4615,1
4616,1
4617,2
4618,2
4619,3
4620,2
4621,1
4622,1
4623,2
4624,2
4625,2
4626,1
4627,2
4628,1
4629,1
4630,2
4631,2
4632,2
4633,2
4634,1
4635,2
4636,1
4637,1
4638,1
4639,1
4640,2
4641,2
4642,2
4643,2
4644,2
4645,2
4646,2
4647,2
4648,2
4649,1
4650,1
4651,1
4652,2
4653,2
4654,2
4655,1
4656,3
4657,1
4658,2
4659,2
4660,1
4661,2
4662,1
4663,1
4664,2
4665,1
4666,1
4667,2
4668,1
4669,2
4670,1
4671,1
4672,2
4673,2
4674,1
4675,2
4676,1
4677,1
4678,2
4679,1
4680,1
4681,2
4682,1
4683,2
4683,5
4684,2
4685,5
4686,1
4687,1
4688,1
4689,2
4690,3
4691,2
4692,2
4693,2
4694,1
4695,1
4696,1
4697,2
4698,2
4699,1
4700,2
4701,5
4702,2
4703,1
4704,2
4705,1
4706,1
4707,1
4708,2
4709,2
4710,2
4711,1
4712,2
4713,2
4714,2
4715,2
4716,1
4717,2
4718,1
4719,1
4720,2
4721,2
4722,2
4723,2
4724,2
4725,1
4726,1
4727,2
4728,2
4729,2
4730,1
4731,2
4732,2
4733,1
4734,1
4735,1
4736,1
4737,3
4738,1
4739,2
4740,1
4741,2
4742,2
4743,1
4744,1
4745,2
4746,1
4747,2
4748,1
4749,1
4750,1
4751,2
4752,1
4753,1
4754,2
4755,2
4756,2
4757,2
4758,1
4759,1
4760,1
4761,1
4762,2
4763,2
4764,1
4765,2
4766,2
4767,2
4768,2
4769,1
4770,1
4771,1
4772,2
4773,1
4774,2
4775,2
4776,2
4777,1
4778,1
4779,1
4780,1
4781,1
4782,1
4783,2
4784,2
4785,2
4786,2
4787,2
4788,2
4789,1
4790,1
4791,2
4792,1
4793,1
4794,2
