ClientId,ServiceID,Visits
1,8,6
1,18,22
2,8,2
3,8,11
3,16,1
4,8,3
5,8,7
5,16,6
5,18,32
6,18,17
6,16,6
6,11,1
6,19,4
6,8,4
7,8,28
8,8,4
9,8,2
10,8,4
10,10,2
11,8,1
12,8,3
13,8,11
13,18,21
14,16,18
14,10,1
14,8,8
15,8,5
15,10,1
16,8,2
17,8,2
18,8,1
19,8,3
19,16,2
19,18,1
20,16,1
20,10,2
20,8,6
21,8,6
22,8,4
22,10,1
22,18,20
23,18,15
23,16,3
23,8,2
24,8,8
24,16,4
25,10,1
25,8,3
26,8,1
27,8,8
27,10,3
27,16,5
27,18,12
28,18,25
28,8,6
29,8,5
30,8,4
30,16,7
30,19,19
31,16,1
31,18,55
31,8,1
32,8,1
33,8,5
33,16,1
33,10,1
34,8,2
35,8,1
36,8,6
37,8,4
37,16,2
37,18,2
38,8,1
39,8,3
40,8,2
41,8,4
41,10,1
42,10,6
42,18,14
42,8,7
43,8,1
43,16,5
43,10,3
44,8,1
45,8,4
46,8,2
46,10,1
47,8,3
48,8,2
48,10,1
49,18,4
49,8,12
50,8,2
50,18,10
51,8,6
52,8,4
53,8,2
53,16,3
53,10,1
54,11,1
54,8,1
55,8,7
55,11,5
56,18,34
56,8,5
57,8,3
57,18,6
57,10,1
58,10,1
58,18,21
58,16,4
58,8,4
59,8,1
59,16,1
60,16,4
60,18,7
60,8,8
61,8,1
62,8,5
62,18,1
62,16,2
63,16,2
63,18,14
63,8,4
64,8,2
64,18,5
65,18,6
65,10,1
65,8,11
66,8,5
67,8,2
68,8,4
68,10,2
68,18,34
69,16,12
69,8,3
70,8,3
71,8,3
71,16,1
72,16,4
72,10,2
72,8,3
73,8,5
73,16,1
74,8,4
75,8,4
75,18,14
76,18,3
76,8,2
77,8,2
77,10,1
78,8,2
79,8,8
79,18,23
79,16,2
79,19,2
80,18,1
80,8,6
81,8,5
82,8,3
82,10,1
83,8,3
84,8,3
85,8,13
86,8,3
86,16,4
86,19,1
87,11,1
87,8,6
88,8,3
88,18,17
89,10,1
89,8,2
90,8,6
90,16,1
91,8,2
92,8,8
93,8,1
94,8,4
94,10,1
95,8,2
96,8,3
97,8,5
97,10,1
97,16,6
97,18,11
98,10,2
98,8,5
99,8,11
99,18,4
99,16,1
100,16,3
100,8,6
101,8,3
102,8,5
102,16,2
102,18,1
103,10,1
103,8,3
104,8,5
104,10,1
105,8,3
106,8,1
107,8,3
107,11,9
108,10,1
108,8,6
109,8,1
109,18,15
111,8,3
112,8,3
114,8,6
115,8,3
115,18,17
115,10,3
116,10,1
116,8,2
117,8,2
117,18,25
118,10,3
118,8,1
119,8,3
119,10,1
119,16,1
120,18,18
120,10,1
120,8,5
121,8,1
122,8,4
122,16,3
123,10,1
123,8,4
124,8,1
125,8,3
126,8,2
127,8,1
127,11,1
128,10,2
128,8,3
129,8,1
130,8,1
131,8,1
132,8,3
132,16,1
133,8,1
134,8,4
135,8,1
136,8,5
137,8,3
138,8,1
139,8,1
140,8,3
140,10,1
141,11,10
141,8,3
142,8,4
143,8,2
144,8,2
144,10,2
145,8,14
146,8,3
146,16,1
147,8,4
148,8,5
148,10,1
149,10,1
149,8,6
150,8,4
150,16,4
151,18,21
151,8,3
152,8,15
152,18,24
152,16,2
153,16,1
153,10,3
153,8,2
154,8,2
154,10,1
155,10,1
155,8,2
156,8,3
156,10,1
157,16,1
157,8,3
158,8,1
159,8,2
160,8,11
160,16,1
160,18,11
160,10,6
161,18,38
161,16,4
161,19,3
161,8,8
162,8,2
163,8,2
164,8,3
164,16,1
164,10,1
165,8,3
166,8,5
166,18,14
167,18,10
167,10,1
167,11,27
167,8,4
168,8,3
168,16,1
169,10,1
169,8,6
170,8,1
171,8,7
171,10,2
171,18,5
172,8,1
173,8,5
174,8,3
175,8,2
176,8,2
177,8,6
178,8,5
179,8,1
179,10,2
180,8,3
181,8,5
181,18,12
182,10,1
182,8,3
183,8,5
183,16,14
184,8,3
185,8,3
185,16,1
186,10,1
186,8,4
187,8,2
188,8,8
189,8,16
190,8,4
190,16,1
191,16,2
191,18,3
191,19,1
191,8,4
192,8,6
193,8,5
193,10,1
194,8,10
195,8,1
196,8,1
197,8,1
198,8,2
199,8,4
199,18,12
200,8,2
201,8,3
202,8,5
203,8,4
203,16,3
203,10,4
203,11,9
204,10,1
204,16,6
204,8,4
205,8,5
206,8,1
207,8,9
207,16,12
207,19,1
208,8,2
209,8,2
209,16,1
210,16,5
210,18,13
210,10,3
210,8,5
211,8,11
212,8,1
213,8,5
213,10,1
214,8,2
215,8,9
215,10,6
215,18,2
215,16,1
216,8,4
217,8,4
217,16,3
218,16,1
218,10,1
218,11,1
218,8,3
219,8,5
219,16,1
219,18,27
220,8,4
221,8,1
222,8,5
222,18,3
223,10,1
223,8,1
224,8,13
225,8,2
226,8,2
227,8,3
227,16,1
228,10,1
228,8,2
229,8,2
230,8,7
230,10,1
230,16,1
231,8,1
232,8,5
232,10,1
233,10,2
233,8,5
234,8,6
234,10,2
234,16,3
235,10,1
235,8,4
236,8,1
237,8,2
238,8,2
238,16,1
239,10,1
239,8,17
240,8,1
241,8,5
242,8,1
243,8,2
244,8,1
244,10,1
245,8,2
246,8,9
246,11,1
246,16,1
246,18,22
247,10,1
247,8,4
248,8,8
248,16,1
249,8,1
250,8,1
251,8,3
251,18,16
252,11,1
252,8,1
253,8,2
254,8,6
254,10,2
255,8,1
256,8,2
258,8,8
259,8,1
260,8,5
261,8,3
262,8,1
263,8,4
263,10,2
264,8,9
265,8,2
266,8,1
267,8,1
268,8,2
269,8,2
270,8,1
271,8,1
271,18,1
271,16,1
272,8,5
273,8,4
273,11,6
274,8,1
275,8,7
275,10,2
275,18,19
276,10,1
276,8,2
277,8,8
278,8,6
279,8,8
279,10,6
279,18,13
280,8,3
281,8,6
282,8,5
283,8,2
284,8,3
285,8,1
286,8,1
287,8,2
288,8,4
289,8,2
290,8,1
291,8,2
291,16,2
292,18,1
292,8,4
293,8,3
293,18,22
293,16,1
293,10,1
294,8,1
295,8,14
295,16,5
295,18,42
296,10,1
296,8,2
297,8,1
298,8,3
298,10,1
299,10,2
299,8,5
300,8,1
301,8,2
301,18,17
302,10,3
302,8,8
303,8,6
303,11,13
303,16,3
304,18,26
305,16,2
305,8,3
306,8,2
306,10,1
307,10,1
307,8,6
308,8,3
308,10,1
309,11,3
309,18,13
309,19,2
309,8,3
310,8,3
311,8,5
311,10,1
312,18,1
312,8,2
313,8,2
314,8,3
315,8,4
315,16,2
315,11,21
316,8,1
317,8,4
318,8,2
319,8,6
319,10,3
320,8,2
321,8,6
321,18,41
322,16,3
322,8,19
323,8,4
324,8,5
324,16,1
325,10,1
325,8,2
326,8,10
326,16,4
327,18,17
327,8,3
328,8,6
328,10,1
329,8,9
330,8,3
331,8,5
331,10,1
332,8,2
333,8,10
334,8,2
334,18,6
335,8,3
336,8,8
337,8,1
338,8,6
338,10,1
339,8,1
340,8,3
341,8,3
342,8,10
342,10,1
343,10,1
343,16,1
343,8,3
344,8,2
345,8,5
345,10,1
346,8,4
347,8,2
348,8,3
348,10,2
349,8,1
350,8,4
350,10,4
351,8,1
352,8,1
353,8,3
354,8,1
354,16,1
355,8,1
356,8,10
356,18,16
357,8,8
358,8,2
358,10,1
359,18,4
359,19,1
359,8,10
360,8,14
361,8,3
362,8,3
362,18,2
363,8,2
364,8,4
365,8,1
365,10,1
366,10,1
366,8,1
367,8,4
368,8,4
369,8,5
370,8,4
370,10,3
371,18,18
371,8,2
373,8,7
374,8,2
375,8,5
375,10,1
376,10,3
376,8,6
377,8,2
377,10,1
378,10,1
378,8,2
379,8,2
380,8,2
380,16,1
381,10,1
381,8,3
382,8,4
383,8,5
383,10,4
384,10,1
384,8,1
385,8,8
385,16,1
385,18,8
386,8,2
387,8,1
388,8,2
389,8,2
389,10,2
390,8,2
391,8,3
391,18,16
392,8,6
393,8,3
394,8,2
395,8,1
395,11,2
396,10,1
396,8,4
397,8,5
397,10,1
398,8,3
399,8,5
399,10,1
399,16,11
399,19,3
400,18,4
400,8,1
401,8,4
401,11,1
402,8,6
403,8,2
404,8,2
404,11,15
404,10,1
404,16,1
405,8,2
406,8,4
406,16,1
407,10,1
407,8,4
408,8,6
409,8,5
410,8,4
411,8,3
411,16,1
412,8,3
413,8,2
414,8,3
415,8,4
416,8,6
416,10,1
417,16,2
417,19,13
417,8,6
418,8,2
418,18,5
419,18,9
419,10,3
419,8,5
420,8,4
420,16,1
421,8,2
422,8,2
422,16,1
422,18,6
423,8,2
424,8,2
424,18,2
425,10,1
425,8,2
426,8,1
427,8,3
428,8,4
429,8,1
430,8,3
431,8,2
432,8,8
433,8,4
433,16,4
434,10,2
434,8,3
435,8,4
436,8,2
437,8,3
437,10,1
437,11,11
438,10,2
438,8,4
439,8,5
440,8,1
441,8,2
442,8,2
443,8,2
444,8,2
445,8,6
445,10,1
446,8,4
447,8,1
448,8,3
448,18,16
449,10,3
449,8,7
450,8,1
451,8,1
452,8,5
453,8,1
454,8,4
455,8,5
455,18,10
456,8,2
457,8,1
457,10,1
458,8,2
459,8,4
460,8,3
461,8,3
461,10,1
462,16,1
462,8,1
463,8,2
463,10,1
464,8,2
465,8,3
465,10,2
466,11,2
466,8,1
467,8,2
468,8,2
469,8,3
469,10,2
470,10,1
470,8,3
471,8,4
471,16,3
472,8,3
473,8,3
473,16,2
474,10,1
474,8,3
475,8,1
475,10,1
476,8,6
477,8,2
478,8,1
479,8,8
479,10,1
479,16,1
480,8,13
481,8,2
482,8,2
482,18,1
483,8,1
484,8,3
484,16,2
485,16,1
485,8,5
486,8,7
487,8,5
488,8,3
489,8,2
490,8,1
491,8,5
492,8,3
492,10,2
493,11,1
493,8,2
494,8,2
495,8,3
496,8,11
496,11,7
497,10,3
497,8,1
498,8,2
499,8,1
500,8,2
500,11,1
501,11,7
501,18,6
501,8,1
502,8,2
502,16,1
502,10,1
503,8,2
504,8,7
504,10,1
504,18,20
505,8,2
506,8,4
507,8,1
508,8,13
508,10,1
509,8,1
510,8,3
510,18,2
510,19,26
511,10,1
511,8,3
512,8,3
512,10,2
512,16,4
513,8,3
514,8,11
515,8,1
516,8,1
516,10,1
517,8,2
518,8,1
519,8,4
520,8,3
521,8,2
521,16,1
522,8,4
523,8,3
523,18,23
524,8,1
525,8,4
525,16,6
526,8,2
527,8,2
528,8,2
529,8,1
529,10,1
530,16,1
530,8,1
531,8,1
532,8,3
533,8,1
534,8,2
535,8,1
535,18,1
536,8,2
537,8,2
537,16,2
538,8,3
539,8,3
540,8,3
541,8,4
541,10,1
542,8,3
543,8,1
544,8,2
546,8,4
547,8,3
548,8,3
548,10,1
548,18,11
549,8,4
550,8,6
550,18,65
550,16,2
551,10,8
551,11,3
551,8,3
552,8,2
553,8,4
554,8,1
555,8,6
556,8,1
557,8,4
558,8,2
559,8,2
560,8,2
561,8,4
562,8,6
562,16,1
563,8,17
564,8,2
565,8,4
565,10,1
566,10,1
566,8,3
567,8,2
568,8,2
569,8,4
569,10,1
570,10,2
570,18,9
570,8,4
571,8,3
571,10,1
572,8,1
573,8,5
573,10,3
574,16,1
574,8,3
575,8,2
576,8,4
576,10,3
577,8,2
578,8,2
579,8,4
579,16,1
580,16,1
580,8,3
581,8,1
581,11,1
582,10,1
582,8,2
583,8,10
584,8,2
584,10,1
585,10,1
585,8,3
586,8,8
586,16,2
587,10,1
587,8,4
588,8,2
588,10,5
589,8,8
590,8,3
591,8,3
591,10,1
592,18,39
592,8,3
593,8,5
593,10,1
594,8,4
595,8,1
596,8,1
596,10,1
596,18,9
597,8,6
598,8,2
599,8,1
600,8,4
600,11,13
601,8,4
602,8,3
602,18,19
603,10,1
603,8,1
604,8,1
605,8,3
606,8,3
607,8,2
607,10,1
608,8,5
609,8,4
609,16,1
610,10,1
610,8,2
611,8,1
612,8,2
613,8,2
614,8,2
615,8,3
616,8,4
616,10,1
616,18,18
617,8,3
618,8,11
619,8,3
620,8,1
621,8,2
622,8,2
623,8,6
624,8,2
625,8,1
626,8,1
626,10,1
627,10,1
627,8,4
628,8,4
628,10,1
629,8,3
630,8,9
631,8,5
631,10,1
632,8,4
633,8,5
634,8,1
635,8,2
636,8,1
637,8,3
638,8,5
638,10,1
639,8,4
640,8,1
641,8,3
641,10,1
641,16,1
642,8,2
643,8,3
643,18,12
644,8,2
645,8,2
646,8,3
646,16,1
647,8,5
648,8,12
648,16,1
648,18,12
648,19,45
649,8,1
650,8,3
650,11,6
651,8,1
652,8,2
652,10,2
653,8,3
654,8,1
655,8,4
656,8,9
657,8,1
658,8,1
659,8,10
659,16,1
659,19,20
660,8,1
661,8,8
661,10,1
662,18,2
662,8,1
663,8,3
663,16,1
664,8,1
665,8,2
666,8,2
667,8,5
667,16,2
668,18,14
668,8,4
669,8,4
670,8,4
672,8,2
673,8,1
673,10,2
674,10,1
674,16,1
674,8,2
675,8,13
676,8,2
676,16,2
676,19,1
677,16,3
677,10,1
677,8,3
678,8,6
678,10,2
678,16,2
678,18,1
679,18,3
679,8,2
680,8,4
680,18,8
681,8,4
682,8,1
683,8,9
684,8,5
684,18,25
686,8,3
687,8,2
688,8,3
688,10,1
689,10,1
689,8,2
690,8,2
690,16,1
691,8,3
692,8,2
692,10,3
693,8,1
694,8,2
695,8,4
696,8,3
696,10,1
697,8,4
698,8,3
698,10,1
699,10,1
699,8,10
700,8,2
701,8,4
701,10,2
702,8,2
703,8,4
704,8,3
705,8,3
706,8,2
707,8,17
708,8,6
708,16,2
709,8,2
710,8,3
711,8,1
712,8,2
712,16,1
712,18,20
713,8,11
714,8,1
715,8,1
716,8,4
717,8,4
717,10,2
718,8,1
719,8,10
719,16,2
720,16,2
720,8,3
721,8,5
722,8,6
723,8,4
724,8,2
724,16,1
725,10,1
725,8,3
726,8,6
726,10,1
727,8,2
728,8,7
728,11,21
728,18,137
729,8,1
730,8,2
731,8,3
731,18,15
732,8,3
733,8,2
734,8,7
734,18,31
734,16,7
734,11,10
734,10,2
735,16,1
735,8,3
736,8,2
737,8,5
738,8,1
739,8,5
740,8,3
740,16,1
741,8,1
742,8,3
743,8,8
743,10,2
744,8,1
745,8,4
745,18,52
746,8,3
747,8,2
748,8,4
748,16,1
748,10,1
749,18,15
749,8,1
750,8,4
750,18,8
750,10,1
751,10,1
751,8,4
752,8,4
752,16,1
752,19,5
753,10,1
753,8,4
754,8,4
755,8,1
756,8,3
756,10,1
756,18,25
757,8,1
758,8,3
759,8,1
760,8,4
760,16,1
760,10,2
761,8,4
762,8,5
763,8,1
764,8,3
765,8,4
766,8,2
767,8,3
768,8,5
768,10,1
768,16,1
768,18,28
769,8,2
770,8,4
771,8,2
771,16,1
771,11,2
772,8,2
773,8,6
773,16,1
774,8,2
775,8,1
776,8,6
777,8,3
777,16,1
777,10,1
778,8,3
779,8,2
780,8,5
780,16,6
781,8,1
782,8,2
783,8,3
784,8,2
785,8,2
785,18,13
785,10,1
786,11,1
786,8,2
787,8,2
788,8,4
789,8,4
789,18,38
790,8,2
791,8,3
792,8,4
793,8,3
794,8,4
795,8,6
796,8,2
796,18,1
797,8,5
798,8,8
799,8,1
800,8,3
800,16,1
801,8,3
802,8,13
803,8,3
804,8,2
804,18,14
805,8,1
806,8,2
807,8,2
808,8,6
809,8,2
810,8,2
810,10,1
811,8,3
812,8,2
812,10,1
813,8,1
814,8,1
815,8,2
816,8,1
817,8,1
818,8,4
818,10,2
819,18,23
819,8,3
820,8,4
821,8,1
822,8,8
822,16,1
823,10,1
823,8,6
824,8,3
824,10,1
824,11,1
825,8,2
826,8,1
827,8,5
828,8,3
828,10,1
829,8,2
830,8,1
830,19,16
831,8,4
832,8,1
833,8,2
834,8,3
835,8,2
836,8,2
836,16,1
837,8,2
838,8,1
839,8,2
840,8,14
841,8,5
841,10,1
842,8,6
843,8,3
844,8,6
845,8,5
846,8,3
847,8,3
847,11,1
848,16,1
848,8,2
849,8,2
851,8,4
851,16,2
851,11,11
851,10,1
852,11,1
852,8,2
853,8,2
854,8,5
854,11,8
855,16,1
855,18,3
855,8,3
856,8,5
857,8,3
858,8,3
859,8,5
860,8,2
861,8,2
861,18,7
861,10,1
862,8,3
863,8,1
863,19,14
864,8,3
865,8,2
865,11,6
866,16,3
866,19,3
866,8,5
867,8,3
868,8,1
869,8,1
870,8,7
870,16,1
870,18,32
870,10,2
871,8,3
872,8,3
872,16,1
873,8,2
874,8,2
875,8,7
876,8,3
878,8,3
879,8,1
880,8,4
881,8,3
882,8,6
882,16,3
884,10,1
884,8,4
885,8,1
885,11,1
886,8,1
887,8,2
888,8,3
888,10,1
889,16,2
889,8,1
890,8,1
891,8,5
892,8,1
893,8,4
894,8,2
895,8,7
895,16,20
895,18,13
896,8,3
897,8,7
897,18,8
897,10,3
898,8,6
899,8,6
900,8,3
900,10,1
901,8,3
902,8,5
902,16,1
903,11,1
903,8,1
904,8,2
905,8,3
905,10,1
905,16,1
905,18,25
906,8,12
907,8,19
908,8,2
909,8,3
910,8,4
911,8,2
911,16,10
911,11,17
911,19,2
912,8,6
913,8,1
913,16,1
913,18,15
914,16,2
914,8,17
915,8,2
916,8,4
917,8,7
918,8,5
919,8,3
919,19,6
920,8,1
921,8,4
921,11,2
921,10,2
923,8,1
924,8,7
925,8,6
925,10,1
925,16,8
925,18,17
925,19,7
926,8,6
928,8,16
928,18,5
928,16,5
928,10,1
928,11,1
929,11,1
929,8,1
930,8,1
931,8,3
932,8,1
933,8,4
934,8,10
935,8,4
935,16,8
936,18,14
936,8,7
937,8,2
938,8,2
939,8,5
939,11,7
940,8,1
941,8,2
941,10,2
942,8,1
943,8,3
944,8,2
945,8,2
946,8,2
947,8,7
947,11,1
947,16,1
948,8,1
949,8,1
950,8,4
951,8,7
952,8,3
953,8,7
954,8,8
955,8,2
956,8,4
956,16,1
956,18,5
957,8,3
958,8,13
959,8,2
960,8,2
961,8,4
962,8,2
962,10,2
963,10,1
963,18,41
963,8,2
964,8,5
964,10,4
965,8,4
966,8,3
966,18,5
967,8,1
968,8,1
969,8,3
970,8,1
971,8,6
972,8,3
973,8,2
974,8,3
975,8,3
976,8,2
977,8,18
977,18,6
977,16,3
977,11,1
978,8,4
979,8,3
979,11,1
979,16,1
979,18,11
980,11,2
980,8,2
981,8,2
982,8,4
982,10,4
983,10,1
983,8,4
984,8,1
985,8,2
986,8,5
986,10,1
987,18,6
987,16,1
987,8,1
988,8,2
989,8,4
989,16,2
990,8,1
991,8,1
992,8,3
993,8,6
993,10,1
994,8,2
995,8,2
996,8,3
997,8,3
997,16,2
997,18,23
998,16,1
998,8,7
999,8,1
1000,8,2
1000,10,1
1001,10,3
1001,8,4
1002,8,2
1002,16,3
1003,10,1
1003,11,5
1003,8,3
1004,8,8
1004,10,1
1005,8,2
1006,8,4
1007,8,5
1007,10,1
1007,11,1
1007,16,1
1007,18,1
1008,8,2
1009,8,3
1009,18,34
1009,16,1
1010,8,4
1011,8,3
1012,8,4
1012,18,10
1013,8,7
1014,8,2
1015,8,1
1016,8,6
1017,8,8
1017,16,1
1018,8,4
1019,8,2
1020,8,2
1020,10,1
1021,8,2
1022,8,6
1022,10,1
1022,11,2
1023,8,1
1024,8,16
1025,8,4
1026,8,4
1026,10,1
1026,18,14
1027,16,3
1027,10,1
1027,19,2
1027,8,5
1028,8,2
1029,8,8
1029,10,1
1030,8,1
1031,8,6
1031,10,2
1031,18,19
1032,16,6
1032,8,5
1033,8,4
1034,8,2
1034,10,1
1035,16,2
1035,8,6
1036,8,1
1037,8,2
1037,16,2
1037,11,2
1039,8,5
1040,8,4
1040,10,1
1040,16,1
1041,8,3
1042,8,3
1043,8,6
1043,16,1
1044,10,1
1044,11,15
1044,8,6
1045,8,4
1046,8,2
1047,8,4
1047,16,4
1047,18,41
1048,8,8
1049,8,8
1050,8,6
1050,18,9
1051,8,3
1052,8,1
1053,8,4
1054,8,2
1055,8,4
1056,8,3
1057,8,7
1057,18,25
1057,10,1
1058,8,2
1059,8,1
1060,8,1
1061,8,1
1061,16,1
1062,8,3
1063,8,2
1064,8,2
1064,16,1
1065,10,3
1065,8,6
1066,8,1
1067,8,5
1067,16,6
1068,8,3
1069,8,6
1070,8,4
1071,8,2
1072,8,13
1073,8,2
1074,8,3
1074,11,1
1075,8,1
1076,8,3
1077,8,8
1077,16,1
1077,18,32
1078,16,1
1078,8,3
1079,8,2
1080,8,4
1081,8,4
1082,8,2
1083,8,6
1084,8,3
1085,8,3
1085,11,1
1085,10,1
1086,8,1
1087,8,18
1088,8,4
1088,16,1
1088,19,1
1089,11,1
1089,8,1
1090,8,1
1091,8,11
1092,8,4
1093,8,2
1094,8,5
1094,11,1
1094,19,1
1095,19,18
1095,11,24
1095,16,1
1095,8,7
1096,8,4
1097,8,6
1098,8,4
1099,8,6
1099,16,5
1100,8,2
1101,8,5
1101,16,1
1102,8,4
1103,8,2
1104,8,5
1104,18,3
1105,8,2
1106,8,1
1107,8,7
1107,16,1
1107,10,1
1108,8,3
1109,8,9
1110,8,2
1111,8,2
1111,19,14
1112,10,1
1112,8,5
1113,8,1
1114,8,9
1115,8,4
1116,8,4
1116,10,4
1116,18,34
1117,8,5
1118,8,4
1119,8,4
1120,8,3
1121,8,4
1121,10,1
1122,8,4
1123,8,4
1124,8,2
1124,16,6
1125,8,1
1126,8,3
1127,8,1
1128,8,3
1129,8,5
1130,8,3
1131,8,4
1132,8,3
1133,8,2
1133,10,1
1134,8,1
1135,8,3
1136,8,2
1137,8,5
1138,8,1
1139,8,5
1139,10,3
1141,8,1
1142,8,1
1143,8,1
1144,8,1
1144,11,1
1145,11,5
1145,18,4
1145,8,3
1146,8,2
1147,8,6
1147,18,37
1148,11,4
1148,10,2
1148,8,5
1149,8,5
1149,18,6
1150,16,1
1150,8,5
1151,8,3
1152,8,5
1152,16,1
1152,18,28
1153,8,2
1154,8,2
1155,8,7
1155,16,2
1156,8,3
1157,8,2
1158,8,6
1158,10,1
1159,10,1
1159,8,1
1160,8,6
1160,10,1
1160,16,1
1161,8,1
1162,8,5
1163,8,12
1163,18,1
1164,8,2
1165,8,2
1165,10,1
1166,10,2
1166,16,7
1166,8,1
1167,8,3
1167,16,2
1167,18,13
1168,8,2
1169,8,4
1170,8,6
1171,8,5
1171,18,27
1172,10,2
1172,8,3
1173,8,4
1173,18,7
1174,10,2
1174,8,4
1175,8,2
1176,8,4
1176,18,26
1177,8,2
1178,8,1
1179,8,6
1179,18,6
1180,18,1
1180,16,1
1180,8,2
1181,8,2
1182,8,4
1183,8,5
1184,8,4
1184,18,10
1184,10,2
1185,8,3
1186,8,4
1186,18,12
1187,10,1
1187,8,4
1188,8,2
1189,8,4
1189,16,3
1190,10,4
1190,8,4
1191,8,1
1192,8,1
1193,8,4
1194,8,4
1195,8,2
1196,8,1
1197,8,1
1198,8,5
1198,10,3
1199,10,1
1199,8,7
1200,8,4
1200,10,1
1201,8,2
1202,8,3
1203,8,2
1204,8,2
1204,11,1
1204,16,2
1205,10,1
1205,8,2
1206,8,5
1206,10,1
1207,8,13
1208,8,2
1208,16,1
1209,8,14
1210,8,2
1211,8,7
1212,8,3
1213,8,6
1214,8,1
1215,8,3
1215,10,1
1216,10,1
1216,16,1
1216,8,11
1217,8,3
1218,8,5
1219,8,3
1220,8,10
1220,10,1
1221,8,1
1222,8,5
1223,8,2
1223,10,2
1224,8,1
1225,8,5
1225,10,1
1226,10,2
1226,8,1
1227,8,1
1228,8,1
1229,8,6
1229,10,1
1230,8,3
1231,8,2
1232,8,2
1232,18,13
1233,8,1
1234,8,3
1235,8,5
1235,10,3
1236,8,8
1237,8,7
1238,8,23
1238,10,1
1238,11,1
1238,16,4
1239,18,31
1239,8,3
1240,8,4
1241,8,7
1242,8,7
1242,16,2
1243,16,1
1243,8,2
1244,8,4
1244,16,2
1244,10,1
1245,8,3
1246,8,10
1246,10,2
1247,8,1
1248,8,3
1249,8,4
1249,10,1
1250,8,3
1251,8,2
1252,8,3
1253,8,4
1253,10,1
1253,16,2
1254,11,1
1254,8,2
1255,8,4
1256,8,3
1257,8,4
1258,8,1
1258,16,1
1259,8,2
1260,8,17
1261,8,4
1262,8,3
1263,8,5
1264,8,5
1265,8,1
1266,8,1
1267,8,1
1267,18,1
1268,8,5
1269,8,4
1270,8,2
1271,8,8
1271,16,6
1272,8,4
1273,8,3
1274,8,4
1274,10,1
1275,16,6
1275,19,6
1275,8,7
1276,8,3
1277,8,2
1278,8,2
1278,10,3
1279,10,4
1279,8,3
1280,8,7
1281,8,1
1282,8,3
1282,10,1
1282,16,14
1282,18,13
1283,16,2
1283,8,7
1284,8,2
1285,8,8
1285,16,3
1285,11,1
1286,8,3
1287,8,1
1288,8,4
1289,8,1
1289,18,2
1290,8,2
1291,8,5
1292,8,2
1293,8,6
1294,8,4
1295,8,4
1295,16,2
1295,11,1
1296,8,2
1297,8,3
1297,10,1
1298,8,4
1299,8,2
1299,11,7
1300,11,1
1300,8,3
1301,8,5
1301,10,1
1302,10,1
1302,8,5
1303,8,4
1303,10,1
1304,16,4
1304,19,1
1304,8,6
1305,8,9
1305,16,1
1306,10,1
1306,8,6
1307,8,4
1308,8,1
1308,11,1
1309,8,2
1310,8,1
1311,8,2
1311,16,2
1312,8,7
1313,8,5
1313,10,1
1314,8,1
1315,8,2
1315,16,1
1316,8,4
1317,8,1
1318,8,3
1319,8,1
1320,8,10
1320,16,6
1320,10,1
1321,8,2
1322,8,4
1322,10,1
1323,11,1
1323,8,3
1324,8,2
1325,8,5
1326,8,3
1326,10,6
1326,16,1
1326,18,16
1327,8,1
1328,8,3
1329,8,5
1329,11,1
1330,8,1
1331,8,6
1332,8,3
1333,8,3
1333,16,1
1334,8,9
1335,8,1
1336,8,6
1337,8,4
1337,16,2
1337,10,1
1338,16,1
1338,8,2
1339,8,6
1339,16,1
1339,18,20
1340,16,1
1340,8,2
1341,8,1
1342,8,4
1343,8,5
1344,8,2
1345,8,2
1345,16,1
1345,11,3
1346,16,1
1346,18,4
1346,19,16
1346,8,6
1347,8,2
1348,8,2
1348,16,1
1348,10,1
1349,8,2
1350,8,3
1351,8,1
1352,8,5
1353,8,2
1354,8,2
1355,8,2
1355,10,1
1356,16,1
1356,8,4
1357,8,3
1357,10,2
1358,8,4
1359,8,3
1360,8,1
1361,8,2
1361,10,1
1362,8,2
1363,8,1
1364,8,2
1364,10,2
1365,8,2
1366,8,4
1367,8,4
1368,8,3
1368,16,1
1369,16,1
1369,8,1
1370,8,1
1371,8,3
1372,8,7
1373,8,4
1373,16,1
1374,10,2
1374,8,3
1375,8,1
1376,8,2
1376,11,2
1377,16,1
1377,8,4
1378,8,5
1378,18,18
1379,8,2
1380,8,4
1381,8,3
1381,11,1
1382,18,1
1382,8,4
1383,8,2
1384,8,1
1384,11,1
1385,8,3
1386,8,2
1387,8,4
1387,10,1
1388,8,1
1389,8,14
1389,18,8
1390,8,3
1391,8,11
1391,16,18
1392,16,3
1392,19,7
1392,8,4
1393,8,1
1393,18,22
1394,11,6
1394,8,4
1395,8,1
1395,11,1
1396,8,3
1397,8,3
1398,8,1
1399,8,2
1399,16,1
1400,18,11
1400,10,1
1400,8,5
1401,8,3
1401,16,1
1402,8,1
1403,8,8
1403,10,1
1404,8,4
1405,8,1
1406,8,2
1407,8,4
1407,10,1
1408,11,3
1408,8,2
1409,8,3
1410,8,4
1411,8,3
1412,8,5
1412,16,1
1413,16,8
1413,11,5
1413,19,1
1413,8,5
1414,8,2
1415,8,4
1415,16,4
1416,8,2
1417,8,2
1417,18,38
1417,11,1
1418,11,3
1418,10,1
1418,16,3
1418,8,4
1419,8,1
1419,18,22
1420,16,5
1420,10,2
1420,8,4
1421,8,3
1421,18,20
1422,8,8
1423,8,5
1423,10,1
1424,8,2
1425,8,3
1425,16,1
1426,18,10
1426,8,3
1427,8,2
1427,18,15
1428,8,1
1429,8,1
1430,8,2
1431,8,6
1431,18,17
1431,16,1
1432,8,2
1433,8,5
1434,8,6
1434,16,1
1435,10,1
1435,8,4
1436,8,4
1436,10,1
1437,10,1
1437,8,2
1438,8,2
1438,16,1
1439,8,2
1440,8,2
1441,8,2
1442,8,2
1443,8,1
1443,18,1
1444,10,1
1444,8,2
1446,8,1
1446,11,1
1446,16,1
1447,16,7
1447,8,4
1448,8,6
1448,16,1
1448,19,9
1449,8,5
1450,8,4
1450,16,1
1450,11,3
1451,16,1
1451,8,2
1452,8,2
1452,10,1
1453,10,1
1453,8,4
1454,8,3
1454,10,1
1455,8,7
1456,8,4
1457,8,5
1457,10,1
1457,16,1
1458,11,2
1458,8,5
1459,8,5
1459,18,4
1460,8,11
1461,8,3
1462,8,6
1463,8,2
1464,8,9
1465,8,2
1466,8,5
1467,8,3
1468,8,2
1469,8,1
1470,8,2
1471,8,2
1473,8,2
1473,18,11
1474,16,4
1474,11,1
1474,8,3
1475,8,3
1476,8,1
1477,8,5
1478,8,3
1479,8,4
1479,16,1
1480,11,5
1480,8,5
1481,8,2
1482,8,1
1482,16,1
1483,8,1
1484,8,2
1485,8,3
1485,18,57
1486,8,1
1487,8,2
1488,8,1
1489,8,3
1490,8,3
1490,11,1
1491,10,1
1491,8,4
1492,8,2
1493,8,4
1494,8,3
1494,18,1
1495,8,2
1496,8,2
1496,16,1
1497,8,3
1498,8,2
1499,8,2
1499,18,24
1500,8,2
1501,8,3
1502,8,4
1502,16,1
1504,8,3
1505,8,3
1506,8,3
1506,16,1
1506,10,1
1507,8,1
1508,8,3
1509,8,2
1509,16,2
1510,8,5
1511,8,5
1512,8,3
1512,18,8
1513,16,1
1513,8,3
1514,8,2
1515,8,1
1516,8,2
1517,8,6
1517,16,1
1518,10,2
1518,8,5
1519,8,5
1520,8,2
1521,8,3
1522,8,4
1523,8,7
1523,16,1
1524,16,2
1524,10,1
1524,8,8
1525,8,6
1525,10,3
1525,16,6
1526,16,1
1526,8,6
1527,8,3
1528,8,2
1529,8,8
1530,8,6
1530,10,5
1531,8,2
1532,8,8
1533,8,10
1533,10,1
1534,10,1
1534,8,3
1535,8,2
1536,8,1
1537,8,1
1538,8,2
1539,8,5
1539,10,1
1539,16,1
1539,18,4
1540,16,33
1540,19,1
1540,8,2
1541,8,3
1542,8,1
1543,8,1
1543,16,1
1543,11,4
1544,11,3
1544,8,2
1545,8,7
1545,11,11
1545,16,2
1545,19,2
1546,18,17
1546,11,7
1546,8,4
1547,8,13
1547,10,1
1548,8,1
1549,8,3
1549,11,1
1549,16,1
1550,16,14
1550,8,9
1551,8,1
1551,18,17
1552,18,11
1552,8,2
1553,8,2
1553,10,1
1554,8,3
1555,8,6
1555,11,1
1556,8,3
1557,8,2
1558,8,1
1559,8,3
1559,10,1
1560,8,3
1561,8,1
1562,8,2
1562,11,1
1563,11,3
1563,8,3
1564,8,1
1565,8,4
1565,18,24
1565,16,1
1566,8,3
1567,8,3
1567,11,6
1568,8,1
1569,8,5
1569,18,13
1570,18,8
1570,8,1
1571,8,3
1572,8,3
1573,8,1
1573,10,1
1574,8,3
1575,8,4
1576,8,3
1576,10,1
1577,8,1
1578,8,3
1578,10,1
1579,11,1
1579,18,3
1579,8,7
1580,8,1
1581,8,1
1582,8,5
1583,8,4
1584,8,6
1584,18,22
1584,16,1
1585,8,2
1586,8,2
1587,8,22
1588,8,2
1589,8,2
1590,8,9
1590,10,1
1591,8,3
1592,8,1
1593,8,2
1594,8,1
1595,8,12
1595,16,2
1596,8,2
1597,8,3
1597,16,8
1598,8,3
1599,8,3
1600,8,7
1600,16,8
1600,18,55
1601,8,2
1602,8,5
1602,16,1
1602,11,6
1603,8,3
1604,8,2
1605,8,2
1606,8,2
1607,8,4
1607,16,1
1608,8,2
1609,8,4
1610,8,2
1611,8,7
1611,16,1
1611,10,1
1612,8,3
1613,8,6
1613,16,5
1613,19,4
1614,16,21
1614,18,74
1614,10,1
1614,8,9
1615,8,4
1615,16,1
1616,18,16
1616,8,12
1617,8,6
1617,10,1
1618,18,41
1618,8,5
1619,8,2
1620,8,5
1620,16,1
1621,8,1
1622,8,5
1623,8,1
1624,8,3
1624,16,2
1625,8,2
1626,8,8
1626,16,2
1626,18,1
1626,11,12
1627,10,1
1627,8,1
1628,8,1
1629,8,1
1629,10,1
1629,11,3
1630,8,1
1631,8,1
1632,8,1
1632,10,7
1632,18,6
1633,8,2
1634,8,3
1635,8,2
1635,10,1
1636,18,12
1636,8,5
1637,8,1
1637,10,1
1638,8,4
1639,8,2
1640,8,3
1640,11,1
1641,8,3
1642,8,2
1642,10,1
1643,16,1
1643,8,2
1644,8,15
1644,16,1
1645,8,1
1646,8,2
1647,8,1
1647,10,1
1648,10,1
1648,8,5
1649,8,2
1650,8,3
1651,8,6
1651,16,1
1652,8,2
1653,8,2
1654,8,1
1654,18,4
1655,8,3
1656,8,2
1657,8,3
1657,16,1
1658,8,4
1659,8,3
1660,8,8
1661,8,3
1661,10,3
1662,10,1
1662,8,3
1663,8,4
1664,8,1
1664,16,1
1665,8,3
1666,8,3
1667,8,5
1668,8,1
1668,11,19
1669,10,1
1669,8,2
1670,8,1
1671,8,1
1672,8,3
1673,8,1
1673,18,5
1674,10,1
1674,8,1
1675,8,6
1676,8,1
1677,8,4
1678,8,8
1679,8,3
1679,16,1
1680,8,1
1681,8,2
1682,8,5
1683,8,6
1684,8,4
1684,16,1
1684,18,7
1684,10,1
1685,8,6
1686,8,1
1687,8,9
1687,11,5
1687,16,4
1688,16,2
1688,18,63
1688,8,14
1689,8,1
1689,10,1
1690,8,2
1691,8,4
1692,8,2
1693,8,8
1693,18,5
1694,8,3
1695,8,1
1695,18,3
1696,8,1
1697,8,7
1697,10,1
1698,8,2
1699,8,4
1700,8,14
1701,8,1
1702,8,3
1703,8,1
1704,8,9
1704,18,4
1704,16,3
1705,16,3
1705,8,3
1706,8,2
1706,11,1
1707,16,33
1707,18,23
1707,8,3
1708,8,7
1709,8,5
1710,8,1
1711,8,11
1712,8,5
1713,8,8
1713,18,1
1713,16,12
1714,16,2
1714,18,21
1714,8,7
1715,8,5
1716,8,3
1716,10,1
1717,8,5
1718,8,1
1718,10,1
1719,11,1
1719,8,4
1720,8,2
1721,8,6
1722,8,1
1723,8,8
1723,11,20
1723,16,1
1724,8,4
1725,8,10
1726,8,2
1727,8,2
1728,8,5
1728,10,1
1729,18,6
1730,10,3
1730,8,1
1731,8,6
1732,8,3
1734,8,2
1734,16,1
1735,8,2
1736,8,2
1737,8,4
1738,8,3
1739,8,1
1740,8,3
1740,18,11
1741,8,4
1742,8,7
1742,11,6
1743,11,5
1743,8,3
1744,8,4
1745,8,2
1746,8,5
1747,8,2
1747,10,1
1747,18,13
1748,8,1
1749,8,4
1750,8,3
1751,8,1
1751,10,1
1752,8,3
1753,8,2
1753,16,1
1754,8,1
1755,8,9
1756,8,3
1756,18,10
1757,10,1
1757,8,2
1758,8,6
1758,11,1
1758,16,1
1759,8,9
1760,8,5
1760,16,1
1760,18,3
1760,19,5
1761,11,5
1761,10,1
1761,8,5
1762,8,2
1763,8,5
1763,16,21
1763,19,17
1764,10,1
1764,8,1
1765,8,5
1765,11,1
1765,16,2
1765,18,25
1766,8,4
1767,8,2
1768,8,5
1769,8,2
1770,8,1
1770,10,1
1771,10,4
1771,16,1
1771,19,17
1771,8,1
1772,8,4
1772,11,1
1773,16,1
1773,8,6
1774,8,2
1774,16,1
1775,10,1
1775,8,11
1776,8,1
1777,19,4
1778,18,15
1778,8,1
1779,8,4
1779,11,3
1780,11,5
1780,8,4
1781,8,3
1782,8,2
1783,8,4
1783,10,1
1783,18,33
1783,16,1
1784,8,3
1785,8,2
1786,8,4
1787,8,1
1788,8,4
1788,18,23
1788,10,1
1789,10,1
1789,8,4
1790,8,3
1791,8,2
1791,16,1
1792,10,1
1792,8,3
1794,8,1
1795,8,3
1796,8,9
1797,8,3
1797,10,2
1798,8,1
1799,8,1
1800,8,5
1800,16,1
1800,18,7
1801,18,22
1801,16,1
1801,8,4
1802,8,2
1802,11,1
1803,8,9
1804,8,2
1805,8,8
1805,16,3
1805,18,5
1806,16,1
1806,8,3
1807,8,5
1807,10,1
1808,8,1
1809,8,2
1810,8,2
1810,10,4
1811,8,2
1812,8,6
1812,18,16
1813,10,1
1813,8,3
1814,8,8
1814,11,1
1814,18,1
1815,8,3
1816,8,4
1817,8,1
1818,8,3
1819,8,2
1820,8,4
1820,11,2
1821,18,10
1821,8,1
1822,8,4
1823,8,1
1823,11,2
1824,8,2
1825,8,2
1825,11,4
1825,10,1
1826,16,1
1826,8,3
1827,8,4
1828,8,4
1828,10,1
1829,10,1
1829,8,2
1830,8,3
1830,10,1
1831,11,2
1831,8,1
1832,8,5
1833,8,2
1834,8,3
1835,8,5
1835,11,2
1836,8,2
1837,11,1
1838,8,2
1839,8,5
1839,18,10
1840,8,1
1841,8,16
1842,8,3
1842,10,1
1843,8,2
1844,8,6
1845,8,1
1846,8,2
1846,10,1
1847,11,10
1847,16,8
1847,8,8
1848,8,2
1849,8,4
1850,8,4
1850,16,1
1851,18,11
1851,8,2
1852,8,1
1853,8,5
1853,16,2
1853,10,1
1854,11,12
1854,8,7
1855,8,13
1855,10,1
1856,8,4
1857,8,3
1857,11,11
1858,10,1
1858,16,2
1858,8,5
1859,8,2
1860,8,1
1861,8,2
1862,8,4
1863,8,4
1863,11,3
1864,11,1
1864,8,1
1865,8,10
1865,16,1
1866,18,41
1866,8,6
1867,8,9
1868,8,2
1868,16,1
1869,16,1
1869,18,49
1869,11,11
1869,8,4
1870,8,11
1870,18,3
1870,16,1
1871,8,4
1872,8,2
1872,10,1
1873,8,6
1874,8,3
1875,8,2
1876,8,2
1876,10,2
1877,11,4
1877,8,4
1878,8,4
1878,10,1
1878,16,1
1879,8,2
1880,8,4
1881,8,2
1882,8,2
1883,8,2
1884,8,3
1885,8,2
1886,8,2
1887,8,3
1888,8,4
1888,18,15
1889,8,2
1890,8,2
1891,8,5
1892,8,2
1893,8,12
1893,16,1
1894,16,1
1894,8,4
1895,8,3
1895,18,38
1896,10,1
1896,8,4
1897,8,3
1897,10,1
1897,18,13
1898,8,5
1899,8,6
1900,8,4
1901,8,7
1901,16,1
1901,11,5
1902,16,6
1902,19,16
1902,8,2
1903,8,3
1903,18,1
1903,10,1
1904,8,3
1905,8,5
1905,10,2
1905,11,5
1905,18,1
1906,18,5
1906,8,1
1907,8,1
1908,18,6
1909,10,1
1909,8,3
1910,8,1
1911,8,3
1911,18,13
1912,16,1
1912,19,9
1912,8,2
1913,8,4
1913,16,1
1913,10,1
1914,8,4
1915,8,2
1916,8,2
1916,16,1
1916,19,5
1917,16,5
1917,8,3
1918,8,2
1918,16,1
1918,10,2
1919,18,24
1919,8,1
1920,8,2
1921,8,2
1921,16,1
1922,8,1
1923,8,1
1923,11,9
1924,10,3
1924,16,17
1924,18,13
1924,19,15
1924,8,7
1925,8,5
1926,8,1
1927,8,5
1927,10,1
1927,11,3
1928,8,1
1929,8,2
1929,16,46
1929,19,3
1930,11,1
1930,8,14
1931,8,1
1931,18,4
1932,18,1
1932,10,1
1932,8,1
1933,8,3
1933,11,2
1933,16,2
1934,18,25
1934,8,3
1935,8,5
1936,8,7
1937,8,7
1938,8,3
1938,16,1
1939,16,2
1939,18,17
1939,8,4
1940,8,1
1941,8,6
1942,8,5
1943,8,5
1943,18,23
1943,16,1
1944,8,6
1945,8,6
1946,8,6
1946,16,5
1946,10,2
1947,10,1
1947,8,5
1948,8,2
1949,8,3
1949,11,20
1950,8,1
1951,8,1
1952,8,2
1952,11,6
1952,16,3
1953,16,8
1953,18,12
1953,8,14
1954,8,4
1955,8,1
1956,8,4
1957,8,1
1958,8,2
1958,16,2
1959,11,1
1959,8,5
1960,8,2
1961,8,3
1962,8,5
1963,8,5
1964,8,1
1965,8,5
1966,8,6
1967,8,1
1968,8,8
1969,8,13
1970,8,7
1971,8,1
1972,8,2
1973,8,2
1973,11,3
1974,11,5
1974,16,1
1974,8,3
1975,8,3
1976,8,1
1976,18,2
1977,18,41
1977,10,1
1977,8,2
1978,8,2
1979,8,1
1980,8,7
1980,11,2
1981,11,1
1981,8,4
1982,8,2
1983,8,1
1984,8,3
1984,11,4
1984,16,6
1984,19,1
1985,11,22
1985,10,3
1985,8,2
1986,8,2
1987,8,2
1988,8,10
1988,18,3
1989,8,2
1990,8,2
1991,8,1
1993,8,3
1994,8,5
1994,11,3
1995,8,3
1996,8,5
1997,8,6
1997,10,1
1998,8,2
1999,8,2
1999,11,3
1999,16,1
2000,8,1
2001,8,8
2001,16,3
2001,18,9
2001,11,1
2002,18,7
2002,8,3
2003,8,2
2004,8,6
2005,8,4
2005,16,1
2006,8,3
2007,8,4
2008,8,2
2008,16,1
2008,11,4
2009,8,4
2010,8,2
2010,11,5
2010,16,1
2010,18,4
2011,8,1
2012,8,5
2012,10,2
2013,10,1
2013,11,6
2013,8,4
2014,8,2
2015,8,3
2015,10,1
2016,10,1
2016,8,3
2017,8,3
2018,8,3
2019,8,7
2019,10,1
2020,16,22
2020,8,3
2021,8,5
2021,16,2
2022,8,2
2023,8,2
2024,8,1
2025,8,4
2025,11,3
2026,11,16
2026,16,2
2026,8,7
2027,8,7
2027,18,22
2027,10,1
2028,18,1
2028,16,1
2028,8,5
2029,8,2
2029,16,2
2030,18,3
2030,10,4
2030,8,2
2031,8,3
2031,10,1
2031,18,6
2032,8,1
2033,8,4
2033,10,4
2034,11,2
2034,8,1
2035,8,5
2035,16,1
2036,18,5
2036,8,1
2037,8,2
2038,8,2
2038,18,10
2039,10,1
2039,8,6
2040,8,1
2041,8,3
2041,18,8
2042,8,1
2043,8,1
2044,8,3
2045,8,4
2045,18,17
2045,11,2
2046,16,1
2046,8,5
2047,8,3
2047,18,5
2047,11,1
2048,10,1
2048,8,4
2049,8,5
2049,10,1
2049,16,1
2050,8,3
2051,8,14
2052,8,4
2052,16,4
2052,19,34
2053,8,1
2054,8,1
2055,8,9
2055,10,1
2056,8,1
2057,8,3
2057,11,1
2058,8,5
2059,8,6
2059,10,3
2060,8,4
2061,8,2
2061,11,4
2062,10,1
2062,16,4
2062,19,8
2062,8,2
2063,8,3
2063,18,8
2064,16,2
2064,10,1
2064,11,5
2064,8,9
2065,8,6
2066,8,1
2067,8,3
2068,8,4
2069,8,2
2069,10,2
2070,11,11
2070,8,1
2071,8,1
2071,10,3
2072,8,3
2073,8,3
2074,8,5
2074,18,3
2075,11,1
2075,8,5
2076,8,5
2077,8,2
2077,16,2
2078,10,3
2078,8,4
2079,8,6
2079,11,1
2079,19,15
2080,8,1
2081,8,1
2081,16,1
2082,16,2
2082,18,18
2082,8,4
2083,8,4
2083,11,24
2083,10,2
2084,8,3
2085,8,3
2085,18,30
2086,18,8
2086,11,3
2086,8,5
2087,8,2
2087,10,1
2087,16,1
2088,8,1
2089,8,9
2089,16,2
2089,10,1
2090,16,1
2090,18,21
2090,8,2
2091,8,3
2092,8,1
2092,18,13
2092,10,1
2093,16,7
2093,19,2
2093,8,9
2094,8,3
2095,8,7
2096,8,9
2096,16,2
2097,8,3
2098,8,3
2099,8,3
2099,18,38
2099,10,1
2100,8,1
2101,8,8
2102,8,3
2102,11,1
2102,18,3
2103,8,3
2104,8,8
2104,10,1
2105,8,5
2106,8,7
2107,8,4
2107,18,11
2108,18,20
2108,8,1
2109,8,4
2109,16,1
2109,10,1
2110,11,2
2110,16,1
2110,8,2
2111,8,3
2111,18,17
2111,10,2
2112,8,2
2113,8,1
2114,8,3
2114,18,4
2115,8,1
2116,8,8
2116,10,1
2117,8,1
2118,8,3
2119,8,12
2120,8,3
2121,8,3
2121,18,19
2121,16,8
2122,18,11
2122,8,2
2123,8,2
2123,18,26
2123,10,1
2125,8,1
2126,8,4
2126,10,1
2126,18,1
2127,18,29
2127,16,1
2127,8,3
2128,8,4
2129,8,3
2130,8,3
2131,8,7
2132,8,6
2133,8,4
2134,8,3
2135,8,2
2136,8,5
2137,8,5
2137,10,1
2138,10,1
2138,16,9
2138,18,15
2138,8,4
2139,8,8
2139,18,53
2139,16,1
2139,10,1
2139,19,6
2140,8,2
2141,8,10
2142,8,2
2142,10,1
2142,16,5
2143,8,3
2144,8,2
2145,8,1
2146,8,2
2147,8,1
2147,11,1
2148,8,1
2150,8,2
2151,8,1
2152,8,2
2152,18,6
2153,8,1
2154,8,3
2154,18,6
2155,10,2
2155,8,2
2156,8,3
2156,18,10
2156,16,3
2156,19,1
2157,8,3
2158,8,16
2159,8,6
2159,18,29
2160,18,9
2160,8,2
2161,8,4
2162,8,4
2163,8,5
2163,16,1
2164,8,3
2165,8,1
2165,10,1
2166,8,3
2167,8,4
2167,16,4
2167,18,25
2168,8,1
2169,8,1
2170,8,2
2170,18,15
2171,16,1
2171,10,1
2171,8,2
2172,8,4
2172,16,1
2173,8,4
2174,8,4
2174,16,1
2175,16,1
2175,10,1
2175,11,2
2175,8,8
2176,8,3
2177,8,10
2177,16,1
2178,16,1
2178,8,2
2179,8,2
2180,8,2
2181,8,8
2181,18,39
2182,16,1
2182,11,20
2182,8,10
2183,8,5
2184,8,7
2184,10,1
2185,18,7
2185,8,6
2186,8,6
2186,18,18
2186,16,1
2187,8,2
2188,8,1
2188,16,1
2189,10,1
2189,8,3
2190,8,8
2191,8,4
2191,10,1
2192,10,1
2192,18,7
2192,8,4
2194,8,1
2195,8,2
2195,11,8
2196,16,1
2196,8,4
2197,8,4
2197,11,5
2198,10,1
2198,18,2
2198,8,3
2199,8,3
2200,8,8
2201,8,4
2202,8,2
2203,8,1
2203,16,1
2203,11,2
2204,8,7
2205,8,3
2206,8,2
2206,10,1
2207,10,1
2207,8,2
2208,8,3
2209,8,4
2209,10,1
2210,8,1
2211,8,2
2212,8,3
2213,8,1
2214,8,3
2215,8,4
2215,18,19
2216,8,4
2217,8,3
2218,8,5
2219,8,1
2220,8,4
2221,8,3
2221,18,6
2222,8,3
2223,8,8
2223,16,4
2224,16,1
2224,8,6
2225,8,3
2226,8,1
2227,8,2
2228,8,7
2228,16,1
2228,10,1
2229,8,2
2230,8,3
2230,10,1
2231,16,1
2231,18,10
2231,8,1
2232,8,4
2233,8,1
2234,8,5
2234,16,2
2234,11,1
2235,10,4
2235,16,1
2235,18,89
2235,8,8
2236,8,3
2237,8,3
2238,8,8
2238,18,9
2239,8,3
2240,8,2
2240,18,2
2241,8,3
2242,8,11
2242,10,1
2242,11,1
2243,11,1
2243,8,2
2244,8,2
2244,10,1
2245,10,1
2245,8,1
2246,8,5
2246,10,2
2246,18,15
2247,8,2
2248,8,2
2249,8,2
2250,8,8
2250,16,1
2250,11,4
2251,8,4
2252,8,31
2252,10,1
2252,16,6
2252,18,9
2253,16,2
2253,8,3
2254,8,4
2254,16,1
2255,8,3
2256,8,4
2256,10,1
2257,16,1
2257,8,1
2258,8,2
2258,18,1
2259,18,13
2259,16,2
2259,10,3
2259,8,6
2260,8,4
2261,8,3
2262,8,6
2262,18,13
2263,18,6
2263,10,1
2263,8,1
2264,8,3
2264,10,1
2265,8,4
2266,8,4
2267,8,1
2268,8,2
2268,10,1
2269,16,1
2269,8,3
2270,8,1
2270,10,1
2271,8,4
2272,8,1
2273,8,4
2274,8,6
2274,18,14
2275,18,17
2275,8,3
2276,8,1
2277,8,4
2277,16,1
2277,11,28
2278,8,5
2279,8,5
2279,11,1
2279,16,2
2280,10,1
2280,8,5
2281,8,3
2281,11,1
2282,10,1
2282,8,3
2283,8,2
2283,11,3
2284,10,1
2284,8,4
2285,8,1
2286,8,4
2287,8,4
2287,16,1
2288,8,9
2289,8,3
2290,8,4
2290,10,1
2291,10,1
2291,11,1
2291,16,2
2291,8,1
2292,8,6
2292,16,3
2293,8,2
2294,8,1
2295,8,3
2296,8,5
2296,18,12
2297,8,6
2298,8,2
2299,8,6
2299,18,12
2299,16,1
2300,10,6
2300,8,4
2301,8,1
2302,8,1
2303,8,2
2304,8,1
2304,16,4
2304,19,5
2305,18,12
2305,8,2
2306,8,6
2307,8,2
2307,18,31
2307,16,8
2307,19,5
2308,8,4
2309,8,11
2309,16,3
2309,11,5
2310,10,2
2310,8,1
2311,8,2
2312,8,1
2312,10,1
2313,10,2
2313,8,7
2314,8,5
2315,8,9
2315,10,1
2315,16,1
2316,16,1
2316,18,46
2316,8,1
2317,8,1
2317,18,2
2318,8,5
2319,8,1
2320,8,10
2320,18,24
2321,16,5
2321,10,2
2321,8,14
2322,8,3
2323,8,4
2324,8,3
2324,16,2
2325,10,1
2325,8,3
2326,8,1
2326,19,17
2327,8,3
2328,8,3
2329,8,4
2330,8,4
2330,10,1
2331,10,1
2331,8,3
2332,8,2
2333,8,1
2333,10,1
2334,8,1
2335,8,1
2336,8,8
2337,8,2
2338,8,3
2339,8,1
2340,8,3
2341,8,8
2342,8,3
2342,10,1
2343,8,5
2344,8,4
2344,11,7
2344,16,1
2345,18,26
2345,8,3
2346,8,2
2346,11,2
2347,8,2
2349,8,5
2350,8,2
2350,10,1
2350,18,1
2351,8,8
2352,8,1
2353,8,2
2353,18,4
2354,8,1
2355,8,1
2355,18,10
2356,8,2
2357,8,4
2358,8,1
2359,8,2
2360,8,2
2360,18,24
2361,16,2
2361,8,11
2362,8,12
2362,16,3
2363,8,2
2364,8,19
2364,16,1
2364,18,42
2365,8,3
2366,8,1
2367,8,1
2368,8,4
2368,16,6
2369,10,1
2369,8,3
2370,8,2
2371,8,6
2372,8,3
2372,16,26
2372,19,3
2373,8,2
2374,8,7
2374,16,1
2374,10,1
2375,10,1
2375,8,4
2376,8,5
2376,11,8
2377,10,1
2377,8,1
2378,8,2
2379,8,5
2380,8,1
2381,8,3
2381,18,5
2382,10,1
2382,8,6
2383,8,2
2383,10,1
2384,10,2
2384,18,15
2384,8,7
2385,8,3
2385,18,7
2386,10,4
2386,8,7
2387,8,3
2388,8,1
2389,8,5
2389,18,33
2390,8,1
2391,8,2
2391,10,1
2392,16,9
2392,8,4
2393,8,3
2393,16,2
2394,16,2
2394,8,6
2395,8,3
2395,18,1
2396,8,2
2397,8,4
2398,8,5
2399,8,1
2400,8,2
2401,8,3
2401,18,17
2401,16,1
2402,8,3
2403,8,3
2404,8,1
2404,16,1
2405,16,1
2405,18,1
2405,8,2
2406,8,5
2407,8,6
2408,8,2
2409,8,5
2409,18,3
2410,18,16
2410,8,2
2411,8,5
2412,8,2
2412,11,16
2413,8,2
2414,8,4
2414,10,1
2415,10,1
2415,8,5
2416,8,3
2417,8,8
2417,10,1
2418,16,4
2418,8,10
2419,8,6
2419,18,11
2420,18,26
2420,8,4
2421,8,2
2422,8,8
2422,16,3
2422,11,6
2423,8,2
2424,8,1
2425,8,3
2426,8,3
2427,8,7
2427,10,1
2428,10,1
2428,16,1
2428,8,11
2429,8,2
2430,8,2
2431,8,13
2431,18,32
2431,10,1
2432,18,7
2432,8,1
2433,8,3
2434,8,2
2435,8,10
2436,8,4
2436,11,1
2437,10,1
2437,18,3
2437,8,7
2438,8,2
2438,11,2
2439,18,22
2439,8,2
2440,8,9
2440,10,2
2441,8,2
2442,8,9
2442,16,1
2443,8,2
2444,8,1
2445,8,2
2446,8,3
2446,10,1
2447,11,2
2447,8,1
2448,8,5
2449,8,4
2449,10,1
2450,8,1
2451,8,3
2452,8,2
2452,10,1
2452,11,6
2453,8,1
2454,8,7
2455,8,2
2455,18,68
2455,19,14
2456,10,1
2456,8,5
2457,8,2
2458,8,7
2458,10,1
2458,11,1
2459,8,5
2460,8,3
2461,8,2
2462,8,2
2462,10,1
2463,18,20
2463,8,5
2465,8,4
2466,8,2
2467,8,5
2467,18,8
2467,10,1
2468,18,2
2468,8,1
2469,8,4
2469,16,2
2470,8,2
2471,8,5
2472,8,3
2473,8,2
2474,8,3
2474,10,1
2475,18,17
2475,8,1
2476,8,3
2476,11,13
2477,10,2
2477,18,40
2477,16,3
2477,8,6
2478,8,3
2479,8,1
2480,8,7
2481,8,3
2481,18,7
2482,11,3
2482,8,1
2483,8,2
2483,18,9
2484,8,1
2485,8,1
2486,8,3
2486,16,1
2486,10,1
2487,10,4
2487,11,2
2487,8,3
2488,8,9
2488,10,5
2488,16,19
2488,18,8
2489,8,2
2490,8,4
2491,8,5
2492,8,6
2493,8,3
2493,16,1
2493,11,4
2494,11,1
2494,10,1
2494,8,2
2495,16,24
2495,19,1
2496,8,3
2497,8,12
2497,16,1
2498,8,1
2499,8,4
2499,16,1
2499,18,34
2500,8,2
2501,8,2
2502,8,1
2503,8,5
2504,8,15
2504,18,41
2505,16,1
2505,8,2
2506,8,1
2506,18,17
2507,8,1
2508,8,1
2508,19,9
2509,16,3
2509,10,1
2509,8,4
2510,8,5
2511,8,7
2512,8,5
2512,11,5
2513,10,2
2513,8,7
2514,8,1
2515,8,4
2516,8,2
2517,8,1
2518,8,1
2519,8,3
2520,8,2
2521,8,4
2521,11,1
2522,8,3
2523,8,1
2524,8,3
2525,8,2
2525,10,2
2526,18,1
2526,8,7
2527,8,1
2528,8,2
2529,8,6
2529,18,2
2529,10,1
2530,16,2
2530,8,4
2531,8,1
2531,16,1
2532,18,33
2532,8,17
2533,8,3
2534,8,2
2534,18,15
2535,8,2
2536,8,3
2536,18,2
2537,16,1
2537,10,1
2537,19,1
2537,8,4
2538,8,1
2539,8,1
2540,8,1
2541,8,2
2542,8,3
2542,11,2
2543,8,2
2544,8,4
2545,8,4
2545,10,2
2545,16,1
2545,18,11
2546,10,1
2546,8,8
2547,8,4
2547,18,21
2547,16,1
2548,8,4
2549,8,4
2549,16,2
2549,18,6
2549,10,4
2550,8,4
2551,8,7
2551,18,3
2552,8,8
2553,8,3
2554,8,1
2555,8,2
2556,8,2
2557,8,1
2557,18,1
2558,8,2
2559,8,5
2559,16,1
2560,16,1
2560,11,1
2560,8,3
2561,8,5
2562,8,8
2562,10,1
2563,10,3
2563,8,6
2565,8,2
2565,18,17
2566,8,3
2567,8,3
2567,10,1
2568,10,4
2568,18,38
2568,8,9
2569,8,3
2569,18,4
2570,18,13
2570,10,1
2570,8,1
2571,8,3
2572,8,6
2572,10,1
2572,18,4
2572,16,2
2572,19,2
2573,18,24
2573,8,4
2574,8,15
2574,10,2
2574,11,1
2575,11,5
2575,8,3
2576,8,3
2576,10,1
2577,18,16
2577,8,5
2578,8,4
2578,16,1
2579,8,1
2580,8,2
2581,8,6
2582,8,4
2583,8,7
2583,16,1
2584,16,1
2584,18,10
2584,8,6
2585,8,1
2586,8,2
2586,18,13
2587,8,4
2588,8,2
2589,8,2
2590,8,3
2591,8,2
2592,8,8
2592,10,2
2592,11,14
2593,18,26
2593,16,2
2593,8,3
2594,8,4
2595,8,11
2595,16,1
2595,18,24
2595,10,1
2596,11,14
2596,16,1
2596,8,3
2597,8,4
2598,8,2
2598,10,1
2599,11,1
2599,8,1
2600,8,1
2601,8,3
2601,16,1
2601,18,17
2602,16,1
2602,8,3
2603,8,7
2603,16,2
2603,18,23
2603,10,3
2604,8,2
2605,8,8
2605,18,1
2606,11,2
2606,8,2
2607,8,3
2608,8,4
2609,8,5
2610,8,2
2610,16,1
2611,10,1
2611,8,3
2612,8,1
2613,8,6
2613,11,2
2614,10,2
2614,8,2
2615,8,3
2615,16,1
2616,8,1
2617,8,10
2617,16,6
2618,16,2
2618,18,22
2618,8,5
2619,8,1
2620,8,2
2621,8,9
2622,8,8
2622,18,4
2622,11,1
2623,11,8
2623,8,1
2624,8,4
2624,16,1
2625,16,1
2625,8,1
2626,8,1
2626,10,3
2627,8,4
2628,8,4
2629,8,8
2629,10,2
2629,18,23
2630,11,1
2630,8,1
2631,8,6
2631,11,1
2631,18,12
2632,18,3
2632,11,7
2632,8,1
2633,8,2
2633,11,3
2634,8,2
2635,8,8
2635,18,1
2636,11,1
2636,8,1
2637,8,2
2638,8,2
2638,11,1
2639,11,1
2639,8,1
2640,8,1
2641,8,4
2641,10,1
2642,18,5
2642,16,10
2642,19,2
2642,8,4
2643,8,7
2644,8,1
2646,8,4
2646,16,3
2647,11,3
2647,8,1
2648,8,4
2649,8,3
2649,10,1
2649,18,15
2650,8,4
2651,8,2
2651,10,4
2652,18,37
2652,16,1
2652,8,7
2653,8,3
2653,11,1
2654,8,1
2655,8,2
2656,8,3
2657,8,1
2658,8,1
2658,11,1
2659,8,4
2660,8,2
2660,11,2
2660,10,1
2661,8,3
2662,8,3
2663,8,2
2663,16,4
2664,8,4
2665,8,1
2666,8,2
2667,8,1
2667,16,1
2668,11,1
2668,8,4
2669,8,3
2669,10,1
2670,8,4
2671,8,3
2671,11,3
2672,18,12
2672,8,4
2673,8,2
2674,8,2
2675,8,1
2676,8,8
2677,8,3
2677,10,1
2678,8,12
2679,8,3
2680,8,4
2680,10,1
2681,10,1
2681,8,3
2682,8,6
2683,8,6
2683,10,1
2683,18,14
2684,8,1
2685,8,3
2685,18,12
2686,8,7
2687,8,5
2687,16,3
2687,10,4
2687,19,9
2688,8,2
2689,8,2
2689,19,2
2689,10,1
2689,11,1
2689,16,2
2689,18,21
2690,8,7
2692,8,2
2692,18,13
2693,8,3
2694,8,2
2696,8,2
2696,18,9
2697,16,4
2697,8,5
2698,8,2
2699,8,2
2700,8,3
2700,10,1
2701,8,2
2702,8,1
2703,8,1
2704,8,4
2705,8,1
2706,8,1
2707,8,2
2707,18,18
2708,16,4
2708,10,3
2708,8,8
2709,8,2
2710,8,2
2711,8,8
2712,8,2
2713,8,9
2714,8,4
2714,10,2
2714,16,15
2714,18,20
2715,8,2
2716,8,3
2717,8,4
2717,16,1
2718,10,1
2718,8,3
2719,8,3
2720,8,2
2721,8,1
2722,8,2
2723,8,9
2723,10,1
2723,11,1
2724,10,2
2724,8,2
2725,8,2
2725,16,1
2726,8,1
2727,8,4
2727,10,1
2728,8,3
2729,8,5
2729,10,1
2729,11,3
2729,16,1
2729,18,7
2730,18,12
2730,8,6
2731,8,25
2731,18,16
2732,10,1
2732,8,3
2733,8,5
2734,8,3
2735,8,7
2736,8,1
2737,8,3
2738,8,4
2738,11,20
2739,8,3
2740,8,3
2741,8,3
2741,18,13
2741,16,2
2742,11,1
2742,8,4
2743,8,2
2743,10,1
2744,10,1
2744,8,2
2745,8,8
2745,16,16
2746,16,1
2746,8,9
2747,8,3
2748,8,2
2749,8,2
2749,16,1
2749,10,5
2750,16,1
2750,8,2
2751,8,1
2752,8,5
2753,8,2
2754,8,8
2754,10,1
2755,11,1
2755,8,2
2756,8,6
2757,8,8
2757,10,4
2757,18,24
2758,10,1
2758,8,2
2759,8,9
2759,10,3
2760,8,1
2761,8,2
2762,8,2
2763,8,2
2763,10,1
2764,18,4
2764,16,6
2764,19,6
2764,8,3
2765,8,28
2765,18,39
2766,8,4
2767,8,4
2768,8,3
2769,8,5
2770,8,4
2771,8,2
2771,18,15
2772,18,14
2772,10,5
2772,8,5
2773,8,1
2774,8,8
2774,10,2
2775,18,16
2775,8,1
2776,8,3
2777,8,3
2777,18,8
2777,10,1
2778,8,1
2780,8,5
2781,8,5
2781,11,6
2782,10,7
2782,8,7
2783,8,6
2783,10,1
2783,16,1
2784,8,5
2785,8,4
2785,10,1
2786,8,1
2787,8,4
2787,18,3
2788,10,1
2788,8,2
2789,8,1
2790,8,8
2790,10,2
2790,18,16
2791,11,5
2791,8,1
2792,8,4
2793,8,1
2793,16,1
2794,16,6
2794,8,9
2795,8,2
2796,10,1
2797,8,2
2798,8,1
2799,8,1
2799,11,3
2800,8,5
2801,8,10
2801,11,16
2801,16,2
2802,8,2
2803,8,4
2804,8,3
2804,11,2
2805,10,5
2805,8,3
2806,8,6
2806,16,1
2806,18,5
2807,8,18
2808,8,2
2808,18,24
2809,8,1
2810,8,3
2810,10,2
2811,8,5
2812,8,2
2813,8,6
2813,10,2
2814,8,5
2815,8,5
2816,8,4
2817,8,3
2817,16,3
2818,16,1
2818,8,3
2819,8,4
2819,18,39
2819,10,1
2820,8,1
2821,8,3
2821,11,5
2821,18,33
2822,16,1
2822,8,4
2823,8,3
2823,16,1
2823,18,38
2823,10,1
2824,10,1
2824,8,4
2825,8,1
2826,8,5
2827,8,2
2828,8,4
2828,10,1
2829,10,1
2829,16,1
2829,8,6
2830,8,2
2831,8,2
2831,10,1
2832,8,2
2833,8,1
2834,8,2
2835,8,1
2835,16,1
2836,16,1
2836,8,4
2837,8,6
2838,8,3
2839,8,4
2839,18,7
2840,18,10
2840,10,1
2840,8,2
2841,8,2
2841,18,9
2842,16,1
2842,11,5
2842,8,1
2843,8,3
2843,10,1
2843,18,9
2844,18,9
2844,8,3
2845,8,4
2845,18,36
2846,8,1
2847,8,2
2847,18,20
2848,16,3
2848,10,1
2848,8,2
2849,8,9
2850,8,1
2851,8,3
2852,8,2
2852,10,1
2853,8,4
2854,8,5
2854,16,2
2855,10,2
2855,8,5
2856,8,3
2857,8,1
2857,10,1
2858,10,1
2858,8,5
2859,8,2
2860,8,9
2860,16,1
2860,18,12
2861,16,4
2861,8,7
2862,8,1
2863,8,2
2864,8,1
2864,16,1
2865,8,4
2866,8,5
2867,8,6
2868,8,1
2869,8,8
2870,8,3
2870,18,13
2871,8,3
2872,8,7
2872,10,1
2873,16,1
2873,8,8
2874,8,4
2874,18,16
2875,10,1
2875,8,4
2876,8,5
2876,18,43
2877,11,3
2877,8,3
2878,8,4
2879,8,1
2880,8,1
2881,8,6
2882,8,5
2882,11,1
2882,10,1
2883,16,1
2883,19,14
2883,8,3
2884,19,10
2885,10,1
2885,8,2
2886,8,1
2887,8,4
2887,10,1
2888,8,1
2889,8,2
2890,8,1
2890,16,1
2891,8,2
2892,8,6
2892,16,1
2892,18,66
2892,10,2
2893,8,1
2894,8,1
2895,8,7
2895,10,1
2896,8,3
2897,8,1
2897,10,1
2897,18,1
2897,16,1
2898,10,1
2898,8,4
2899,8,2
2899,18,13
2900,8,5
2901,8,4
2902,8,6
2903,8,1
2903,11,3
2904,11,4
2904,8,1
2905,8,4
2905,18,1
2906,16,3
2906,8,4
2907,8,7
2907,18,13
2908,8,3
2909,8,3
2909,18,30
2910,8,2
2911,8,2
2911,11,4
2912,8,4
2913,8,3
2914,8,2
2914,11,1
2915,10,1
2915,18,48
2915,8,9
2916,8,2
2917,8,2
2917,11,3
2918,8,1
2919,8,5
2920,8,5
2921,8,2
2922,8,5
2922,11,5
2923,16,1
2923,8,3
2924,8,1
2925,8,2
2926,8,3
2926,16,3
2926,18,40
2927,16,2
2927,11,1
2927,8,2
2928,8,3
2928,16,1
2929,8,3
2930,8,7
2930,16,1
2930,18,14
2931,18,19
2931,10,2
2931,8,4
2932,8,2
2933,8,3
2933,11,1
2933,18,9
2933,16,3
2934,16,3
2934,18,40
2934,19,1
2934,8,4
2935,8,6
2935,11,1
2936,8,1
2937,8,2
2937,18,11
2938,8,2
2939,8,2
2940,8,4
2940,16,3
2941,10,4
2941,8,4
2942,8,4
2942,16,1
2942,19,1
2943,11,4
2943,8,3
2944,8,2
2944,10,1
2945,16,13
2945,18,11
2945,19,1
2945,8,3
2946,8,5
2947,8,2
2948,8,2
2948,19,11
2948,11,2
2949,10,1
2949,8,2
2950,8,2
2951,8,7
2951,18,13
2952,18,4
2952,8,1
2953,8,5
2953,18,2
2953,16,1
2954,16,2
2954,10,1
2954,8,2
2955,8,4
2955,16,2
2955,18,18
2956,18,26
2956,16,26
2956,8,4
2957,8,4
2957,16,1
2957,11,1
2958,8,1
2959,8,2
2960,8,3
2961,8,3
2961,18,17
2962,10,4
2962,8,10
2963,8,3
2964,8,2
2965,8,2
2966,8,2
2966,10,1
2967,8,4
2968,8,4
2969,8,2
2969,10,1
2970,8,5
2971,8,2
2971,18,9
2972,10,1
2972,8,3
2973,8,6
2973,16,2
2974,8,1
2975,8,1
2976,8,4
2977,8,2
2978,8,4
2978,10,3
2978,11,5
2979,8,4
2980,8,7
2981,8,6
2982,8,6
2982,11,12
2982,16,33
2982,19,3
2983,8,5
2984,8,2
2985,8,2
2986,8,4
2987,8,6
2988,8,6
2988,11,1
2989,8,2
2990,8,1
2991,8,5
2991,11,7
2992,8,1
2993,8,2
2993,16,3
2994,16,1
2994,11,9
2994,8,5
2995,8,2
2996,8,11
2996,10,1
2997,10,1
2997,11,10
2997,8,5
2998,8,6
2999,8,4
3000,8,3
3001,8,2
3001,10,1
3002,8,4
3003,8,3
3004,8,4
3004,16,2
3005,8,3
3006,8,6
3007,8,3
3007,10,1
3008,16,2
3008,8,6
3009,8,4
3010,8,3
3011,8,5
3012,8,5
3013,8,2
3013,18,16
3014,8,1
3015,8,1
3016,8,2
3017,8,6
3017,11,11
3018,11,4
3018,8,2
3019,8,1
3019,10,1
3019,16,1
3020,11,4
3020,8,4
3021,8,2
3021,16,1
3022,16,1
3022,8,4
3023,8,6
3023,16,5
3023,10,1
3024,11,11
3024,8,6
3025,8,5
3025,16,3
3026,8,2
3027,8,3
3027,11,3
3028,18,10
3028,8,2
3029,8,2
3030,8,2
3031,8,3
3031,11,3
3032,8,2
3033,8,5
3034,8,4
3034,10,1
3035,11,1
3035,18,7
3035,16,1
3035,8,6
3036,8,4
3037,8,9
3037,16,3
3038,8,2
3039,8,2
3040,8,1
3041,8,2
3042,8,5
3042,16,1
3042,11,5
3042,19,1
3043,8,1
3044,8,5
3044,11,1
3045,16,1
3045,8,2
3046,8,8
3047,8,5
3047,16,1
3047,18,12
3048,16,2
3048,8,4
3049,8,3
3049,10,1
3050,11,17
3050,16,3
3050,8,4
3051,8,10
3051,10,4
3052,8,1
3053,8,4
3053,11,3
3053,16,1
3054,11,4
3054,10,1
3054,8,11
3055,8,1
3055,11,4
3056,8,5
3057,8,3
3058,8,5
3059,8,9
3059,16,1
3060,8,2
3061,8,6
3061,16,1
3061,18,30
3061,11,1
3061,10,1
3062,18,36
3062,16,15
3062,19,11
3062,8,6
3063,8,2
3064,8,3
3065,8,2
3066,8,4
3067,8,2
3068,8,5
3068,16,2
3068,10,3
3069,18,23
3069,8,2
3070,8,3
3070,16,4
3071,8,2
3072,8,10
3072,16,1
3073,10,2
3073,8,4
3074,8,7
3074,10,3
3074,16,2
3075,8,3
3076,8,2
3076,16,1
3076,18,12
3077,18,11
3077,8,4
3078,8,1
3078,10,1
3079,8,7
3080,8,16
3080,18,3
3081,10,2
3081,8,8
3082,8,6
3083,8,2
3084,8,4
3085,8,2
3085,18,13
3085,16,1
3086,8,2
3087,8,5
3087,16,1
3088,18,10
3088,8,3
3089,8,1
3090,8,2
3090,16,1
3090,10,1
3091,8,2
3092,8,3
3093,8,5
3094,8,5
3094,16,1
3095,16,12
3095,8,6
3096,8,9
3097,8,2
3098,8,2
3099,8,2
3100,8,2
3100,10,1
3101,10,2
3101,8,4
3102,8,3
3102,11,1
3103,8,3
3104,8,3
3105,8,3
3105,11,2
3105,10,1
3106,10,1
3106,16,4
3106,19,2
3106,8,12
3107,8,1
3108,8,6
3108,10,1
3109,8,3
3110,8,3
3110,10,2
3110,11,1
3111,8,2
3112,8,2
3112,11,2
3113,8,6
3114,8,3
3115,8,4
3116,8,2
3117,8,4
3117,10,1
3118,11,3
3118,8,3
3119,8,4
3120,8,1
3121,8,6
3121,10,1
3122,8,3
3123,8,4
3123,18,7
3124,10,1
3124,8,1
3125,8,3
3126,8,3
3127,8,14
3127,10,2
3128,8,6
3129,8,3
3130,8,6
3131,8,3
3131,10,1
3132,10,1
3132,8,2
3133,8,3
3134,8,5
3134,10,1
3134,16,3
3135,8,2
3136,8,3
3136,18,17
3137,8,3
3138,8,2
3139,8,1
3140,8,4
3141,8,1
3141,16,1
3142,16,2
3142,11,4
3142,8,4
3143,8,1
3143,18,5
3144,18,17
3144,10,1
3144,8,2
3145,8,9
3146,8,2
3146,10,1
3147,8,3
3148,8,5
3148,11,1
3148,16,1
3149,10,2
3149,8,3
3150,8,1
3151,8,2
3152,8,2
3152,18,9
3153,8,1
3154,8,1
3155,8,3
3155,11,3
3156,8,2
3157,8,1
3157,10,1
3157,16,1
3158,18,16
3158,10,2
3158,8,4
3159,8,3
3160,8,1
3160,10,1
3161,16,2
3161,8,2
3162,8,6
3163,8,2
3164,8,1
3165,8,1
3166,8,2
3166,10,1
3167,8,9
3168,8,4
3169,8,1
3170,8,1
3171,8,3
3171,18,14
3172,8,2
3173,8,5
3174,8,1
3175,8,2
3176,8,5
3176,18,25
3177,16,1
3177,10,1
3177,8,9
3178,8,1
3179,8,3
3180,8,3
3180,18,21
3181,11,23
3181,8,5
3182,8,14
3183,8,6
3184,8,3
3184,18,8
3185,16,2
3185,8,8
3186,8,2
3187,8,3
3188,8,1
3189,8,1
3190,8,4
3190,10,1
3191,8,2
3192,8,2
3193,8,2
3194,8,1
3194,16,1
3195,10,3
3195,8,3
3196,8,5
3196,10,3
3196,11,14
3197,11,3
3197,10,1
3197,16,1
3197,8,5
3198,8,2
3199,8,6
3199,16,1
3199,18,24
3199,10,1
3200,8,1
3201,8,3
3202,8,2
3202,10,1
3202,11,19
3203,10,1
3203,8,4
3204,8,11
3204,16,1
3205,8,1
3206,8,4
3206,18,31
3206,10,3
3206,11,1
3207,16,6
3207,8,10
3208,8,3
3208,10,1
3209,11,1
3209,16,2
3209,8,4
3210,8,6
3210,18,8
3211,8,3
3212,18,3
3213,8,4
3214,8,7
3214,16,1
3214,10,1
3215,11,4
3215,8,5
3216,8,2
3217,8,3
3218,8,1
3218,16,1
3219,8,1
3220,8,1
3220,10,1
3221,18,20
3221,8,1
3222,8,1
3222,18,7
3223,8,3
3224,8,2
3225,8,2
3226,8,3
3226,16,2
3226,10,1
3226,11,9
3227,11,4
3227,16,2
3227,8,5
3228,8,3
3228,11,1
3229,8,6
3230,8,1
3231,8,1
3231,11,4
3232,11,1
3232,8,4
3233,8,1
3234,8,2
3235,8,3
3235,11,2
3235,10,1
3235,18,1
3236,8,2
3237,8,3
3237,11,3
3238,16,1
3238,8,3
3239,8,1
3240,8,7
3241,8,5
3241,10,1
3242,18,8
3242,8,5
3243,8,3
3244,8,2
3244,16,1
3244,10,1
3245,11,1
3245,8,1
3246,8,2
3246,10,1
3247,10,1
3247,16,1
3247,18,17
3247,8,6
3248,8,2
3248,11,8
3249,18,13
3249,8,5
3250,8,1
3250,18,1
3251,8,4
3252,8,3
3252,11,2
3253,8,1
3254,8,4
3255,8,2
3256,8,4
3256,10,1
3257,18,2
3257,8,4
3258,8,2
3258,16,1
3259,8,4
3260,8,3
3261,8,3
3261,18,16
3261,11,3
3262,8,4
3263,8,4
3263,10,1
3264,8,1
3265,8,4
3265,18,2
3266,10,1
3266,11,6
3266,8,7
3267,8,2
3267,16,1
3268,16,10
3268,8,2
3269,8,5
3269,16,4
3270,16,1
3270,11,1
3270,8,1
3271,8,1
3272,8,5
3273,8,3
3273,18,11
3274,8,3
3275,8,1
3277,8,4
3277,18,8
3278,18,9
3278,16,1
3278,8,4
3279,8,4
3280,8,5
3281,8,2
3282,8,6
3282,10,1
3283,18,10
3283,8,4
3284,8,5
3284,18,15
3284,16,1
3285,16,1
3285,8,1
3286,8,5
3287,8,4
3288,8,4
3288,16,1
3288,18,6
3289,8,3
3290,8,5
3290,16,2
3291,18,67
3291,11,1
3291,8,3
3292,8,4
3293,8,2
3294,8,4
3295,8,6
3295,11,3
3296,18,8
3296,8,4
3297,8,2
3298,8,2
3299,8,1
3299,10,1
3300,11,2
3300,16,1
3300,8,10
3301,8,1
3301,11,4
3302,10,1
3302,16,25
3302,19,13
3302,8,5
3303,8,3
3303,11,5
3304,18,3
3304,8,3
3305,8,4
3305,18,1
3305,16,1
3306,8,1
3307,8,3
3308,8,1
3309,8,5
3309,11,1
3310,11,3
3310,8,3
3311,8,11
3311,16,1
3312,18,24
3312,8,2
3313,8,2
3314,8,2
3315,8,7
3315,18,1
3316,18,12
3316,8,5
3317,8,8
3317,16,2
3318,16,1
3318,11,19
3318,10,2
3318,8,8
3319,8,2
3320,8,3
3320,10,3
3320,18,11
3321,8,4
3322,8,6
3322,11,1
3323,8,3
3324,8,6
3324,16,4
3325,8,1
3326,8,2
3326,16,3
3327,8,1
3328,8,4
3328,10,1
3329,10,1
3329,8,3
3330,8,2
3330,16,5
3330,19,16
3331,16,1
3331,8,10
3332,8,2
3332,18,6
3333,16,2
3333,8,2
3334,8,2
3335,8,1
3336,8,3
3336,18,49
3337,10,1
3337,8,5
3338,8,1
3339,8,1
3339,11,7
3340,8,2
3341,8,6
3341,10,1
3341,16,1
3342,8,2
3343,8,5
3344,8,2
3345,8,9
3345,16,1
3346,10,1
3346,8,3
3347,8,3
3348,8,6
3348,10,1
3348,16,1
3349,8,3
3350,8,4
3350,11,14
3351,11,9
3351,16,2
3351,8,5
3352,8,3
3352,16,3
3353,16,1
3353,8,7
3354,8,6
3354,18,37
3354,10,1
3355,8,4
3356,8,9
3356,10,2
3356,18,28
3356,16,1
3357,10,3
3357,8,1
3358,8,2
3359,8,6
3359,10,2
3359,16,1
3360,18,4
3360,8,2
3361,8,2
3362,8,5
3362,11,23
3363,8,1
3364,8,1
3365,8,2
3366,8,2
3366,18,7
3366,16,2
3367,8,7
3368,8,1
3369,8,1
3369,16,1
3369,18,5
3369,10,2
3370,8,2
3371,8,3
3371,16,2
3372,10,1
3372,8,6
3373,8,2
3374,8,2
3375,8,2
3375,16,1
3375,18,12
3376,18,16
3376,8,6
3377,8,2
3377,10,1
3378,18,5
3378,8,2
3379,8,3
3379,10,1
3380,8,2
3381,8,6
3381,16,6
3382,8,7
3383,8,11
3383,18,15
3384,8,1
3385,8,6
3385,10,2
3385,11,16
3386,11,1
3386,8,2
3387,8,5
3387,11,1
3388,10,1
3388,8,1
3389,8,7
3390,8,1
3390,18,17
3391,11,5
3391,8,3
3392,8,1
3393,8,2
3394,8,9
3394,11,9
3394,10,1
3395,8,1
3396,8,6
3396,10,5
3396,18,16
3397,8,5
3398,8,4
3399,8,5
3399,16,1
3399,19,11
3400,16,5
3400,10,1
3400,8,6
3401,8,7
3402,8,2
3403,8,2
3403,10,2
3403,18,21
3404,16,1
3404,8,6
3405,8,4
3405,18,17
3406,8,4
3407,8,4
3407,10,2
3408,8,2
3409,8,3
3410,8,9
3410,11,4
3411,8,5
3412,8,4
3412,10,3
3412,18,13
3412,16,1
3413,8,1
3414,8,6
3415,8,3
3416,8,3
3417,8,3
3418,8,2
3418,18,11
3419,8,2
3420,8,2
3421,8,2
3422,8,2
3422,10,1
3423,8,1
3424,8,1
3424,18,8
3425,8,2
3426,8,4
3427,8,3
3427,10,1
3428,8,7
3429,8,1
3430,8,1
3431,8,2
3431,10,1
3432,11,1
3432,16,3
3432,8,8
3433,8,2
3434,8,5
3434,16,1
3434,18,7
3435,8,7
3436,8,1
3436,18,10
3436,16,2
3436,11,1
3437,8,3
3438,8,9
3438,10,1
3439,10,1
3439,8,4
3440,8,2
3440,16,1
3441,8,2
3442,8,4
3442,11,28
3443,10,1
3443,16,1
3443,8,4
3444,8,4
3444,11,23
3445,16,1
3445,18,26
3445,8,6
3446,8,3
3446,16,1
3447,16,6
3447,8,3
3448,8,5
3449,8,8
3449,16,7
3450,16,4
3450,8,8
3451,8,5
3452,8,5
3453,8,27
3454,8,4
3454,10,1
3455,8,4
3456,8,1
3456,10,1
3457,8,3
3458,8,10
3458,11,6
3459,10,1
3459,16,1
3459,8,3
3460,8,1
3461,8,5
3461,16,1
3462,18,6
3462,10,1
3462,8,2
3463,8,5
3463,18,31
3463,16,1
3464,16,1
3464,8,6
3465,8,5
3466,8,4
3466,10,1
3467,8,4
3468,8,8
3468,10,2
3468,16,2
3469,18,29
3469,8,4
3470,8,6
3471,8,3
3472,8,3
3473,8,2
3473,10,1
3475,16,1
3475,8,3
3476,8,6
3477,8,2
3478,8,1
3479,8,4
3480,8,2
3481,8,3
3481,16,2
3481,11,1
3482,16,1
3482,8,9
3483,8,5
3484,8,2
3485,8,4
3485,16,1
3486,8,1
3487,8,8
3488,8,2
3489,8,3
3489,16,1
3490,16,2
3490,10,1
3490,8,2
3491,8,5
3491,11,7
3493,8,4
3494,8,2
3494,10,1
3495,8,6
3496,8,3
3497,8,6
3497,16,1
3497,18,5
3498,8,8
3499,8,2
3499,11,4
3500,10,3
3500,18,19
3500,8,4
3501,8,1
3502,8,2
3502,16,1
3502,11,5
3503,8,8
3504,8,10
3504,10,6
3504,16,4
3504,18,17
3504,19,3
3505,8,5
3506,8,4
3506,16,1
3507,8,1
3508,8,6
3508,18,19
3508,10,1
3509,8,2
3510,8,3
3510,16,1
3511,10,1
3511,8,3
3512,8,5
3514,8,8
3514,10,1
3514,18,2
3515,16,1
3515,8,3
3516,8,2
3517,8,1
3518,8,8
3518,18,28
3518,10,2
3519,8,8
3520,8,8
3521,8,6
3521,10,1
3521,11,7
3521,18,10
3522,11,4
3522,8,2
3523,8,4
3524,8,4
3524,18,43
3524,16,1
3525,8,4
3526,8,7
3526,10,1
3527,10,2
3527,8,3
3528,8,5
3528,10,1
3529,10,1
3529,16,1
3529,8,7
3530,8,1
3530,10,1
3531,11,1
3532,8,2
3533,8,4
3533,10,1
3534,11,8
3534,8,4
3535,8,3
3535,10,2
3536,8,1
3537,8,1
3537,10,1
3538,10,3
3538,8,5
3539,8,4
3539,10,1
3539,16,2
3540,18,10
3540,10,4
3540,8,2
3541,8,1
3542,8,1
3543,8,3
3544,8,5
3545,8,7
3546,8,3
3546,18,14
3547,18,59
3547,8,5
3548,8,5
3548,16,3
3549,10,2
3549,8,3
3550,8,2
3551,8,2
3552,8,3
3552,16,3
3553,18,15
3553,11,1
3553,8,10
3554,8,1
3555,8,3
3556,8,3
3557,8,2
3557,10,1
3558,8,3
3559,8,3
3560,8,2
3560,18,9
3560,16,1
3561,8,4
3562,8,1
3563,8,5
3563,16,1
3564,8,4
3565,8,2
3565,18,1
3566,16,1
3566,10,2
3566,8,3
3567,8,4
3568,8,4
3569,8,5
3570,8,1
3570,10,1
3572,11,2
3572,16,1
3572,18,31
3572,8,3
3573,8,2
3574,8,2
3574,11,4
3575,18,14
3575,8,4
3576,8,1
3576,10,1
3577,18,18
3577,8,2
3578,8,3
3579,8,2
3580,8,3
3580,18,2
3581,16,1
3581,8,2
3582,8,6
3582,11,5
3583,16,2
3583,8,3
3584,8,4
3584,10,1
3585,11,6
3585,16,1
3585,8,3
3586,8,7
3586,16,22
3586,11,16
3587,10,1
3587,18,19
3587,8,2
3588,8,4
3588,10,1
3589,18,8
3589,8,1
3590,8,1
3591,8,9
3591,16,1
3591,11,19
3592,16,1
3592,8,3
3593,8,2
3593,16,1
3594,11,1
3594,8,3
3595,8,2
3596,8,3
3596,10,1
3597,18,1
3597,8,5
3598,8,2
3599,8,3
3599,10,1
3600,10,1
3600,8,2
3601,8,5
3601,11,3
3601,18,7
3602,8,11
3603,8,3
3604,8,2
3604,10,1
3605,11,3
3605,8,2
3606,8,5
3607,8,3
3608,8,1
3608,18,6
3609,18,21
3609,16,7
3609,8,7
3610,8,9
3610,16,1
3611,8,2
3612,8,4
3613,8,2
3614,8,4
3614,16,2
3614,10,1
3615,10,1
3615,8,3
3616,8,1
3617,8,6
3617,11,22
3617,16,1
3618,8,3
3619,8,1
3620,8,5
3620,10,1
3621,10,1
3621,16,1
3621,8,8
3622,8,1
3622,18,2
3623,18,17
3623,16,1
3623,8,3
3624,8,2
3625,8,5
3626,8,4
3626,10,2
3627,8,2
3628,8,6
3628,11,7
3629,8,3
3630,8,14
3631,8,1
3632,8,6
3633,8,3
3634,8,4
3634,10,1
3634,16,1
3635,11,4
3635,8,1
3636,8,8
3636,10,1
3637,8,4
3638,8,1
3639,8,3
3640,8,7
3640,16,2
3640,18,25
3641,8,6
3642,8,8
3643,8,3
3644,8,3
3644,18,24
3644,16,1
3645,8,4
3646,8,3
3647,8,4
3647,10,2
3648,11,4
3648,8,4
3649,8,1
3649,11,1
3650,8,4
3651,8,6
3651,16,1
3652,8,3
3653,8,1
3654,8,6
3654,10,1
3655,16,1
3655,8,3
3656,8,8
3656,16,1
3656,18,14
3656,10,2
3657,18,17
3657,8,3
3658,8,3
3659,8,2
3659,11,14
3660,18,23
3660,8,9
3661,8,5
3661,11,7
3662,18,18
3662,8,5
3663,8,3
3664,8,4
3664,18,33
3664,16,1
3665,8,1
3666,8,4
3666,11,1
3667,8,3
3668,8,2
3669,8,5
3669,18,16
3670,18,39
3670,8,2
3671,8,9
3672,8,6
3672,18,20
3672,10,1
3673,18,25
3673,8,4
3674,8,2
3675,8,3
3675,11,1
3677,10,1
3677,8,2
3678,8,4
3679,8,3
3680,8,2
3680,16,1
3681,11,6
3681,8,3
3682,8,2
3682,11,1
3682,18,13
3683,8,2
3684,8,1
3684,10,1
3685,8,2
3686,8,3
3686,16,1
3687,11,1
3688,11,4
3688,8,3
3689,8,5
3690,8,4
3690,10,2
3691,10,1
3691,8,1
3692,8,1
3693,8,5
3693,10,1
3693,11,1
3693,16,1
3694,11,9
3694,8,3
3695,8,2
3695,11,1
3695,16,1
3696,11,3
3696,8,2
3697,8,4
3697,11,11
3698,11,2
3698,16,1
3698,8,4
3699,8,3
3699,10,1
3700,18,4
3700,8,4
3701,8,2
3702,8,2
3702,18,18
3703,18,90
3703,16,9
3703,8,4
3704,8,2
3704,18,7
3705,11,1
3705,8,9
3706,8,12
3706,18,41
3706,16,1
3707,8,2
3708,8,1
3709,8,2
3709,11,7
3710,11,4
3710,8,2
3711,8,5
3711,16,1
3711,18,4
3712,16,1
3712,11,2
3712,10,1
3712,8,5
3713,8,6
3714,8,3
3715,8,6
3715,10,1
3715,11,6
3716,18,11
3716,8,2
3717,8,10
3718,8,8
3718,16,1
3718,11,1
3719,11,4
3719,18,6
3719,8,7
3720,8,3
3720,11,11
3721,11,7
3721,8,2
3722,8,3
3722,16,1
3723,18,2
3723,11,1
3723,10,1
3723,8,4
3724,8,5
3724,11,5
3724,16,1
3725,16,1
3725,8,7
3726,8,5
3727,8,2
3727,16,1
3728,10,1
3728,8,3
3729,8,14
3730,8,5
3731,8,9
3731,11,9
3732,16,1
3732,8,4
3733,8,4
3734,8,5
3734,16,1
3734,11,1
3735,16,1
3735,18,1
3735,8,1
3736,8,4
3736,11,7
3737,8,3
3738,8,2
3738,10,1
3739,11,27
3739,16,1
3739,8,6
3740,8,3
3741,8,4
3741,10,1
3742,10,1
3742,16,2
3742,8,13
3743,8,3
3744,8,1
3744,18,18
3745,18,8
3745,8,6
3746,8,6
3747,8,4
3747,10,1
3748,8,3
3749,8,1
3749,10,1
3750,10,3
3750,18,10
3750,19,19
3750,8,6
3751,8,15
3751,18,42
3751,11,9
3752,8,2
3753,8,5
3753,18,14
3753,16,2
3754,16,1
3754,8,4
3755,8,3
3757,8,4
3757,11,4
3758,8,4
3759,8,1
3759,11,1
3760,8,13
3761,8,4
3762,8,4
3762,18,5
3763,8,3
3764,8,4
3765,8,3
3766,8,4
3766,16,2
3767,8,2
3768,8,4
3768,16,2
3768,19,18
3769,8,2
3770,8,4
3770,18,12
3771,8,1
3772,8,2
3772,16,1
3772,11,6
3772,10,1
3773,11,2
3773,8,2
3774,8,4
3774,11,21
3774,16,2
3774,19,3
3775,18,1
3775,8,2
3776,8,1
3777,8,1
3778,8,4
3778,11,2
3779,11,1
3779,8,6
3780,8,2
3781,8,2
3781,10,1
3782,10,1
3782,8,10
3783,8,4
3784,8,4
3784,11,6
3785,11,7
3785,10,1
3785,16,1
3785,8,6
3786,8,2
3787,8,5
3788,8,5
3789,8,8
3790,8,4
3791,8,12
3792,8,7
3793,8,13
3794,8,8
3794,16,1
3794,10,1
3794,11,2
3795,8,4
3796,8,6
3796,18,1
3797,8,11
3798,8,2
3799,8,11
3800,8,11
3801,8,2
3802,8,5
3802,11,27
3802,10,3
3803,8,11
3804,8,15
3805,8,6
3806,8,14
3807,8,14
3808,8,7
3808,11,9
3809,8,5
3810,8,2
3811,8,1
3812,8,9
3813,8,7
3814,8,1
3814,11,3
3815,11,3
3815,16,2
3815,8,4
3816,8,2
3817,8,5
3818,8,2
3819,8,16
3820,8,2
3821,8,3
3822,8,1
3823,8,10
3824,8,7
3824,16,1
3824,10,2
3825,8,3
3826,8,6
3827,8,6
3827,16,7
3827,18,16
3828,8,17
3829,8,14
3830,8,4
3831,8,4
3832,8,2
3832,11,4
3833,8,4
3834,8,9
3835,8,3
3835,11,1
3835,10,1
3836,10,1
3836,8,1
3837,8,8
3837,10,1
3837,18,21
3837,16,1
3838,8,4
3839,8,13
3840,8,5
3840,10,1
3840,11,6
3841,8,2
3842,8,2
3842,10,1
3843,8,4
3844,8,1
3845,8,3
3846,8,18
3847,8,5
3848,8,3
3848,11,2
3848,16,11
3848,19,6
3849,8,11
3850,8,6
3850,16,1
3850,11,1
3851,8,3
3852,8,4
3852,11,10
3853,8,6
3854,8,4
3854,11,5
3855,8,17
3856,8,5
3856,11,1
3857,8,2
3858,8,13
3859,8,3
3860,8,3
3860,10,1
3860,16,1
3860,18,41
3861,8,15
3862,8,6
3863,8,4
3864,8,6
3864,18,24
3864,16,1
3864,10,5
3865,10,1
3865,11,5
3865,16,10
3865,8,5
3866,8,3
3867,8,7
3867,16,2
3867,11,23
3867,10,3
3867,19,2
3868,8,1
3869,8,2
3870,8,7
3870,16,2
3870,18,14
3871,8,1
3873,8,1
3874,8,3
3875,8,5
3876,8,3
3877,8,3
3878,8,4
3879,8,1
3879,11,9
3880,16,3
3880,8,6
3881,8,7
3881,10,2
3882,8,2
3883,8,2
3884,8,2
3885,8,2
3886,8,2
3887,8,6
3888,8,2
3889,8,1
3890,8,11
3891,8,2
3892,8,2
3892,11,6
3893,8,2
3894,8,20
3894,18,18
3895,8,12
3896,8,4
3897,8,2
3898,8,1
3899,8,4
3899,10,3
3900,8,6
3901,8,8
3902,8,8
3902,11,11
3902,16,1
3903,8,3
3904,8,3
3905,8,8
3906,8,3
3906,11,3
3906,10,1
3907,8,3
3908,8,5
3909,8,4
3910,8,6
3911,8,7
3911,10,1
3911,11,3
3912,10,1
3912,16,1
3912,8,3
3913,8,6
3913,18,4
3914,11,1
3914,8,4
3915,8,7
3915,11,13
3915,16,1
3916,8,1
3917,8,8
3917,11,27
3917,10,2
3918,8,2
3919,8,1
3920,8,3
3921,8,2
3922,8,4
3922,11,11
3922,16,1
3923,8,6
3924,8,4
3924,10,1
3925,8,5
3926,8,3
3927,8,5
3927,10,1
3927,11,24
3928,8,9
3929,8,4
3930,8,2
3931,8,3
3932,8,2
3933,8,1
3934,8,6
3935,8,3
3936,8,2
3937,8,4
3938,8,4
3939,8,2
3940,8,2
3941,8,2
3942,8,3
3943,8,1
3943,11,3
3943,16,2
3944,16,3
3944,11,6
3944,8,3
3945,8,6
3945,10,2
3945,16,1
3946,8,4
3947,8,4
3947,16,1
3947,11,9
3948,10,1
3948,8,3
3949,8,3
3949,11,5
3949,16,1
3950,8,3
3951,8,6
3951,11,7
3952,8,2
3953,8,1
3954,8,3
3955,8,2
3956,8,5
3957,8,4
3957,11,17
3957,16,5
3958,8,2
3959,8,4
3959,10,1
3960,18,16
3960,8,6
3961,8,5
3961,16,6
3962,8,1
3963,8,8
3963,16,4
3963,18,2
3963,10,1
3964,8,2
3965,8,1
3966,8,1
3966,16,2
3967,8,5
3968,8,2
3968,16,1
3969,11,5
3969,8,2
3970,8,3
3971,8,3
3972,8,4
3972,11,10
3972,16,1
3973,18,20
3973,8,11
3974,8,4
3974,18,19
3975,18,11
3975,16,1
3975,11,1
3975,8,4
3976,8,2
3976,18,16
3977,8,3
3978,8,6
3979,8,4
3979,11,13
3980,16,1
3980,8,1
3981,8,1
3982,8,4
3982,11,6
3983,11,4
3983,8,2
3984,8,2
3984,18,6
3985,8,4
3986,8,2
3987,8,5
3987,10,1
3988,11,9
3988,8,6
3989,8,2
3990,8,1
3991,8,4
3991,10,1
3992,8,2
3993,8,11
3993,18,10
3993,16,1
3994,16,10
3994,10,2
3994,8,17
3995,8,4
3996,8,4
3997,8,2
3998,8,3
3999,8,5
3999,11,38
4001,11,16
4001,8,2
4002,8,3
4002,10,1
4002,16,1
4003,11,1
4003,8,3
4004,8,3
4005,8,1
4006,8,6
4006,10,2
4006,16,1
4007,18,16
4007,8,3
4008,8,5
4008,18,2
4008,16,7
4009,8,2
4010,8,3
4010,18,15
4010,10,1
4011,8,10
4012,8,4
4012,11,12
4013,18,22
4013,8,1
4014,8,3
4015,8,6
4016,8,3
4017,8,11
4017,16,1
4017,11,1
4018,11,13
4018,8,1
4019,8,4
4020,8,4
4021,8,4
4021,10,1
4021,16,1
4021,18,17
4022,8,3
4023,8,7
4023,11,4
4024,8,3
4025,8,2
4026,8,5
4027,8,2
4028,8,3
4029,8,11
4029,16,2
4030,8,4
4031,8,7
4032,8,4
4032,18,6
4033,16,1
4033,11,3
4033,8,11
4034,8,2
4035,8,2
4036,8,2
4036,16,1
4037,11,23
4037,8,9
4038,8,4
4038,11,11
4039,8,2
4040,8,5
4040,10,3
4040,16,11
4040,18,45
4041,18,13
4041,10,1
4041,8,4
4042,8,3
4042,11,3
4043,11,14
4043,10,3
4043,18,7
4043,16,1
4043,8,6
4044,8,4
4044,10,1
4044,11,17
4045,11,8
4045,16,2
4045,8,4
4046,8,3
4046,16,1
4046,11,5
4047,10,1
4047,8,2
4048,8,2
4048,10,1
4048,16,3
4049,8,2
4050,8,1
4051,8,2
4052,8,6
4053,8,2
4054,8,1
4055,8,3
4056,8,6
4057,8,6
4058,8,6
4059,8,3
4060,8,2
4061,8,4
4061,16,2
4061,11,20
4062,18,10
4062,8,5
4063,8,1
4063,11,2
4064,8,3
4065,8,6
4066,8,10
4066,16,4
4067,8,3
4068,8,3
4069,8,1
4069,18,2
4070,16,1
4070,8,1
4071,8,4
4072,8,4
4072,18,9
4073,8,1
4074,8,3
4075,8,1
4076,8,15
4076,16,3
4076,11,4
4076,10,1
4077,8,1
4078,8,3
4079,8,7
4080,8,4
4081,8,3
4081,11,5
4081,18,10
4082,11,1
4082,10,3
4082,8,14
4083,8,16
4083,10,3
4083,11,1
4083,18,22
4083,16,3
4083,19,1
4084,18,10
4084,8,9
4085,8,5
4086,8,3
4087,8,4
4087,16,1
4088,8,2
4089,8,22
4089,16,2
4089,18,1
4090,8,5
4091,8,5
4091,11,17
4092,8,5
4093,8,5
4093,11,12
4094,11,29
4094,8,4
4095,8,1
4095,11,1
4095,16,4
4096,18,14
4096,8,4
4097,8,4
4098,8,5
4098,11,8
4099,8,5
4100,8,4
4101,8,1
4102,8,2
4103,8,5
4104,8,2
4104,11,1
4105,8,1
4106,8,11
4106,10,1
4106,18,27
4107,11,3
4107,8,3
4108,8,8
4108,16,3
4108,19,17
4109,18,10
4109,8,4
4110,8,5
4110,16,3
4110,11,12
4110,10,1
4111,8,4
4112,8,3
4113,8,11
4114,8,7
4114,11,15
4115,10,1
4115,16,3
4115,18,3
4115,8,4
4116,8,1
4116,11,1
4117,11,10
4117,8,12
4118,8,1
4118,11,12
4119,8,3
4120,8,11
4120,18,15
4121,10,1
4121,8,5
4122,8,14
4122,10,1
4122,16,1
4123,8,4
4124,8,2
4125,8,2
4126,8,5
4127,8,4
4127,10,1
4127,11,3
4128,18,3
4128,8,3
4129,8,2
4130,8,2
4130,10,1
4131,8,11
4132,8,5
4132,11,4
4133,8,11
4134,8,1
4135,8,4
4136,8,4
4137,8,6
4137,11,1
4138,8,4
4139,8,2
4139,16,1
4140,11,6
4140,8,13
4141,8,3
4141,16,2
4142,8,5
4143,8,15
4143,16,34
4143,19,1
4144,8,2
4145,8,2
4145,11,1
4146,8,4
4147,8,2
4148,8,2
4149,8,5
4150,8,3
4150,10,1
4151,10,2
4151,11,1
4151,8,7
4152,8,2
4153,8,4
4154,8,2
4155,8,2
4155,10,1
4156,18,6
4156,8,4
4157,8,11
4158,8,8
4158,18,24
4158,10,2
4159,8,6
4160,8,5
4160,10,1
4160,11,2
4161,11,2
4161,8,8
4162,8,5
4162,11,6
4162,16,1
4163,18,1
4163,8,3
4164,8,4
4164,11,3
4165,11,1
4165,10,4
4165,16,8
4165,8,10
4166,8,7
4166,16,21
4166,10,1
4166,19,1
4167,10,1
4167,11,5
4167,8,12
4168,8,10
4168,16,6
4169,16,1
4169,11,12
4169,8,7
4170,8,12
4170,10,1
4171,11,3
4171,18,19
4171,8,4
4172,8,10
4172,11,2
4173,10,3
4173,16,5
4173,8,5
4174,8,5
4174,11,1
4175,16,2
4175,8,4
4176,8,3
4176,16,6
4176,18,18
4177,16,4
4177,8,5
4178,8,6
4178,16,21
4178,11,1
4178,10,1
4179,8,4
4180,8,2
4181,8,3
4181,11,4
4182,8,2
4183,8,1
4184,8,7
4184,11,1
4184,18,41
4185,8,2
4186,8,4
4186,11,13
4187,8,1
4188,8,4
4188,11,14
4189,8,2
4190,8,4
4190,11,5
4191,8,2
4192,8,3
4192,11,2
4192,10,1
4193,11,8
4193,8,4
4194,8,8
4194,10,2
4195,16,1
4195,8,3
4196,8,3
4196,16,3
4196,18,5
4196,11,5
4197,11,1
4197,8,1
4198,8,5
4198,11,13
4198,16,1
4199,8,4
4200,8,3
4200,16,3
4200,18,10
4201,8,2
4202,8,4
4202,18,18
4203,11,8
4203,8,1
4204,8,4
4204,10,1
4205,11,12
4205,8,6
4206,8,3
4206,10,1
4207,8,4
4208,8,3
4208,18,18
4209,10,1
4209,11,15
4209,8,5
4210,8,2
4211,8,5
4211,11,16
4212,11,3
4212,10,2
4212,8,3
4213,8,5
4214,8,4
4214,11,11
4214,18,1
4215,18,3
4215,8,3
4216,8,4
4216,11,12
4217,8,1
4218,8,6
4218,11,11
4218,16,1
4219,8,6
4220,8,4
4221,8,1
4221,16,1
4222,18,25
4222,10,2
4222,8,5
4223,8,7
4223,18,15
4224,10,1
4224,8,10
4225,8,7
4225,11,1
4226,10,1
4226,8,5
4227,8,2
4227,16,1
4228,8,14
4229,8,6
4230,8,4
4230,10,1
4230,11,9
4231,11,11
4231,8,3
4232,8,8
4232,11,8
4232,16,1
4233,11,27
4233,8,8
4234,8,8
4234,16,2
4235,16,6
4235,8,6
4236,8,3
4237,8,6
4238,8,4
4238,11,10
4239,16,1
4239,18,3
4239,8,2
4240,8,2
4241,8,4
4242,8,3
4243,8,4
4243,11,4
4244,18,11
4244,16,1
4244,8,6
4245,8,3
4246,8,9
4246,18,2
4246,11,8
4247,11,5
4247,10,1
4247,8,6
4248,8,1
4249,8,14
4249,11,32
4249,18,11
4250,16,1
4250,11,1
4250,8,7
4251,8,3
4252,8,6
4253,8,2
4254,8,2
4255,8,3
4255,16,1
4256,8,1
4257,8,8
4257,11,6
4258,11,8
4258,16,1
4258,8,4
4259,8,1
4260,8,3
4260,16,3
4261,8,1
4262,8,12
4262,16,3
4262,11,21
4262,10,3
4263,8,2
4264,8,9
4264,11,6
4265,8,6
4266,8,7
4266,16,1
4267,11,11
4267,8,10
4268,8,7
4268,11,15
4268,16,5
4269,11,1
4269,8,4
4270,8,3
4271,8,4
4271,18,12
4272,11,6
4272,8,6
4273,8,11
4273,11,4
4273,10,2
4274,10,1
4274,11,19
4274,8,5
4275,8,2
4275,16,1
4276,16,1
4276,8,5
4277,8,7
4277,11,16
4278,8,1
4279,8,7
4279,11,2
4279,10,1
4280,10,1
4280,16,3
4280,8,2
4281,8,2
4281,16,1
4281,10,1
4282,10,2
4282,16,1
4282,8,4
4283,8,6
4283,11,1
4284,10,1
4284,8,2
4285,8,3
4286,8,1
4287,8,3
4288,8,1
4289,8,2
4289,10,1
4289,18,6
4290,8,2
4291,8,3
4292,8,6
4292,11,1
4293,18,16
4293,8,9
4294,8,2
4294,11,7
4295,11,1
4295,18,25
4295,8,9
4296,8,5
4296,16,3
4296,11,15
4297,8,2
4298,8,4
4298,16,2
4298,19,1
4299,16,1
4299,11,8
4299,10,1
4299,8,7
4300,8,3
4300,11,16
4301,8,4
4302,8,5
4302,10,1
4302,16,1
4303,8,4
4304,8,2
4304,16,1
4304,10,1
4305,8,3
4306,8,3
4306,10,1
4306,16,1
4306,18,9
4307,18,18
4307,16,1
4307,10,1
4307,8,5
4308,8,5
4309,8,8
4309,11,23
4310,18,4
4310,8,2
4311,8,4
4311,11,1
4312,8,3
4313,8,2
4314,8,5
4314,11,8
4314,10,1
4315,11,11
4315,8,4
4316,8,6
4316,16,4
4317,16,1
4317,8,4
4318,8,7
4318,18,15
4319,8,2
4320,8,1
4321,8,3
4321,18,10
4322,16,1
4322,11,9
4322,8,2
4323,8,8
4323,11,5
4324,16,12
4324,8,4
4325,8,4
4325,11,3
4326,18,35
4326,8,2
4327,8,6
4328,8,2
4328,18,9
4329,16,1
4329,10,1
4329,8,3
4330,8,2
4331,8,3
4331,11,9
4331,16,1
4332,16,1
4332,8,4
4333,8,9
4333,16,3
4333,11,10
4334,11,7
4334,10,1
4334,8,6
4335,8,6
4335,10,1
4335,11,12
4335,18,5
4336,10,1
4336,8,3
4337,8,4
4337,16,1
4338,8,1
4339,8,4
4339,10,3
4339,11,12
4340,11,1
4340,8,2
4341,8,4
4341,11,6
4342,10,1
4342,8,6
4343,8,3
4343,11,8
4343,16,2
4344,16,1
4344,11,7
4344,8,7
4345,8,2
4346,8,5
4347,8,3
4348,8,2
4348,11,13
4349,8,2
4350,8,5
4350,11,1
4351,8,2
4352,8,2
4353,8,9
4353,11,1
4353,16,2
4353,18,19
4354,16,2
4354,8,7
4355,8,4
4355,10,1
4356,8,1
4357,8,2
4358,8,2
4359,8,7
4359,10,1
4360,11,4
4360,8,4
4361,8,6
4361,11,10
4362,8,2
4363,8,4
4364,8,2
4364,10,1
4365,8,1
4366,8,3
4366,11,3
4367,18,13
4367,8,5
4368,8,8
4369,8,2
4369,16,1
4369,11,4
4370,11,2
4370,16,1
4370,8,1
4371,8,4
4371,11,3
4372,10,1
4372,16,5
4372,8,2
4373,8,9
4373,11,7
4374,11,5
4374,8,2
4375,8,7
4375,18,5
4376,8,1
4377,8,9
4377,18,23
4377,16,1
4378,8,1
4379,8,3
4380,8,6
4380,16,2
4380,11,10
4380,10,1
4381,11,1
4381,16,1
4381,8,11
4382,8,3
4382,11,1
4383,11,5
4383,8,2
4384,8,6
4385,8,4
4385,11,1
4385,10,1
4386,8,1
4387,8,4
4387,11,1
4387,16,1
4387,18,7
4388,16,6
4388,11,5
4388,8,5
4389,8,2
4389,11,1
4390,11,7
4390,8,3
4391,8,4
4391,11,21
4392,16,2
4392,18,9
4392,8,6
4393,8,5
4393,16,1
4393,11,2
4394,8,4
4395,8,4
4395,16,1
4396,8,3
4397,8,3
4397,18,10
4397,11,5
4398,18,20
4398,8,7
4399,8,1
4400,8,6
4400,11,8
4401,10,1
4401,18,13
4401,8,1
4402,8,2
4403,8,6
4403,16,1
4403,11,6
4404,11,6
4404,8,4
4405,8,4
4405,11,3
4405,18,8
4406,8,4
4407,8,5
4407,11,16
4408,10,1
4408,18,24
4408,8,4
4409,8,2
4410,8,3
4410,11,1
4411,10,1
4411,8,5
4412,8,1
4412,11,1
4413,18,26
4413,16,1
4413,8,11
4414,8,2
4415,8,5
4415,16,1
4415,11,15
4416,16,3
4416,8,5
4417,8,2
4417,11,3
4418,16,1
4418,8,4
4419,8,2
4419,18,7
4420,10,1
4420,8,4
4421,8,2
4421,11,17
4421,16,3
4421,19,1
4422,11,9
4422,8,2
4423,8,4
4424,8,4
4424,18,21
4425,8,1
4426,8,2
4426,16,1
4426,11,1
4427,8,1
4428,8,4
4428,11,16
4429,11,1
4429,8,6
4430,8,3
4430,11,6
4430,16,2
4431,18,19
4431,11,2
4431,8,4
4432,8,9
4432,11,4
4433,11,3
4433,16,2
4433,8,5
4434,8,6
4434,16,3
4434,11,10
4434,19,7
4435,11,1
4435,18,4
4435,8,4
4436,8,2
4436,16,1
4437,8,3
4438,8,3
4439,8,3
4439,11,17
4440,8,2
4441,8,4
4441,11,1
4441,18,5
4442,8,2
4443,8,2
4443,16,2
4444,8,3
4445,8,2
4446,8,4
4446,16,6
4446,11,7
4446,19,5
4447,11,2
4447,8,4
4448,8,4
4448,10,1
4449,10,1
4449,16,1
4449,8,4
4450,8,2
4451,8,2
4451,11,3
4452,11,1
4452,8,1
4453,8,2
4454,8,6
4454,16,6
4455,16,1
4455,11,9
4455,8,3
4456,8,6
4456,11,1
4456,10,1
4457,18,13
4457,8,2
4458,8,9
4458,10,1
4458,11,1
4459,16,2
4459,8,2
4460,8,3
4460,11,7
4461,8,4
4462,8,2
4462,10,1
4462,16,1
4463,11,7
4463,8,2
4464,8,1
4465,8,2
4466,8,2
4467,8,3
4467,11,1
4468,11,8
4468,16,1
4468,8,8
4469,8,1
4470,8,4
4471,8,3
4471,10,1
4472,8,1
4473,8,2
4474,8,4
4475,8,2
4475,10,1
4476,11,6
4476,8,8
4477,8,4
4478,8,8
4478,11,8
4478,16,2
4479,18,2
4479,10,1
4479,8,1
4480,8,4
4480,10,1
4480,11,17
4481,8,1
4482,8,2
4482,18,10
4483,8,2
4484,8,2
4485,8,2
4486,8,1
4487,8,4
4488,8,5
4488,11,11
4489,8,4
4490,8,3
4490,11,6
4490,10,1
4491,11,1
4491,8,1
4492,8,2
4492,10,1
4492,18,8
4493,8,1
4494,8,4
4494,11,14
4495,8,1
4496,8,4
4496,16,2
4497,8,1
4498,8,3
4498,11,3
4499,11,1
4499,8,4
4500,8,3
4501,8,9
4501,11,19
4502,8,4
4503,8,5
4503,16,1
4504,16,1
4504,11,4
4504,8,3
4505,8,1
4506,8,3
4506,11,15
4507,11,7
4507,16,1
4507,8,3
4508,8,6
4508,16,5
4508,11,6
4509,10,1
4509,18,3
4509,8,4
4510,8,1
4511,8,3
4511,10,1
4512,8,2
4513,8,3
4513,10,1
4514,11,8
4514,18,14
4514,8,2
4515,8,4
4515,16,1
4515,11,9
4516,11,10
4516,8,3
4517,8,2
4517,11,2
4517,18,1
4518,18,2
4518,11,5
4518,8,4
4519,8,4
4519,18,2
4519,16,1
4520,10,3
4520,8,7
4521,8,2
4521,11,10
4521,18,8
4522,11,1
4522,8,5
4523,8,7
4523,11,22
4524,11,1
4524,18,4
4524,8,2
4525,8,2
4526,8,2
4527,8,3
4527,18,17
4527,11,4
4527,10,1
4528,8,3
4529,8,3
4530,8,4
4530,16,7
4531,11,8
4531,8,2
4532,8,7
4533,8,7
4533,18,8
4534,11,4
4534,8,1
4535,8,4
4535,11,17
4535,16,1
4536,16,5
4536,11,13
4536,8,13
4537,8,1
4537,16,1
4538,16,1
4538,8,2
4539,8,2
4539,10,1
4540,8,2
4541,8,3
4541,10,1
4542,8,4
4543,8,3
4543,10,2
4544,10,2
4544,11,17
4544,8,7
4545,8,3
4546,8,2
4546,11,1
4547,11,4
4547,8,3
4548,8,2
4549,8,5
4549,16,2
4550,8,1
4551,8,4
4551,11,4
4552,11,1
4552,18,17
4552,8,7
4553,8,4
4553,16,2
4554,16,1
4554,10,1
4554,8,5
4555,8,5
4556,8,9
4556,11,11
4557,8,3
4558,8,4
4558,11,4
4559,8,1
4560,8,4
4561,8,3
4561,11,4
4561,10,1
4562,8,3
4563,8,2
4563,10,1
4563,11,9
4564,8,3
4565,8,3
4565,16,1
4566,11,1
4566,8,3
4567,8,4
4567,10,1
4568,8,3
4569,8,1
4569,10,1
4570,11,4
4570,8,4
4571,8,5
4572,8,1
4573,8,7
4573,11,7
4574,8,1
4575,8,2
4576,8,5
4576,11,10
4576,16,3
4577,8,2
4578,8,1
4579,8,2
4580,8,3
4581,8,2
4581,16,2
4581,11,2
4582,8,2
4583,8,3
4583,11,8
4583,18,11
4584,8,1
4585,8,9
4585,11,5
4586,11,3
4586,8,1
4587,8,1
4587,11,1
4587,16,1
4588,18,1
4588,11,2
4588,8,1
4589,8,1
4590,8,1
4591,8,1
4591,18,8
4591,16,1
4592,16,1
4592,11,2
4592,10,1
4592,8,5
4593,8,3
4593,11,3
4594,10,1
4594,8,1
4595,8,6
4595,10,1
4595,11,4
4596,11,5
4596,8,3
4597,8,1
4598,8,1
4598,10,1
4599,10,1
4599,18,9
4599,8,4
4600,8,1
4601,8,3
4601,16,1
4602,11,6
4602,8,4
4603,8,2
4603,11,3
4604,8,1
4605,8,4
4605,18,4
4606,16,4
4606,19,16
4606,8,2
4607,8,1
4608,8,2
4609,8,3
4609,18,16
4609,11,7
4610,11,4
4610,16,1
4610,8,3
4611,8,3
4611,16,1
4611,18,18
4612,8,3
4613,8,2
4613,18,12
4614,18,1
4614,8,2
4615,8,3
4615,18,10
4616,8,2
4617,8,4
4617,16,1
4618,16,3
4618,8,5
4619,8,2
4620,8,3
4620,11,1
4621,11,4
4621,8,1
4622,8,2
4622,16,2
4623,8,3
4624,8,5
4624,16,1
4625,8,2
4626,8,2
4627,8,4
4628,8,1
4629,8,2
4629,16,6
4629,18,7
4629,11,2
4629,10,1
4630,8,1
4631,8,1
4632,8,3
4632,11,3
4633,11,2
4633,18,2
4633,8,3
4634,8,4
4634,18,2
4635,11,5
4635,8,2
4636,8,5
4636,11,4
4637,18,9
4637,8,2
4638,8,3
4638,16,1
4638,11,4
4638,19,1
4639,8,3
4640,8,4
4640,11,6
4640,16,2
4641,16,4
4641,8,4
4642,8,3
4642,11,2
4643,11,3
4643,8,1
4644,8,2
4644,11,10
4645,8,1
4646,8,2
4647,8,1
4648,8,6
4648,10,1
4648,18,23
4649,8,3
4650,8,1
4650,18,6
4650,16,1
4651,16,1
4651,11,2
4651,8,4
4652,8,5
4652,16,1
4652,18,1
4653,16,2
4653,11,3
4653,8,6
4654,8,4
4654,11,7
4655,11,6
4655,8,5
4656,8,2
4657,8,6
4657,11,10
4657,16,1
4658,11,4
4658,8,4
4659,8,2
4659,10,1
4660,8,2
4661,8,3
4661,11,3
4662,11,3
4662,16,1
4662,8,3
4663,8,1
4663,16,1
4663,11,1
4664,8,2
4665,8,3
4666,8,4
4666,11,8
4667,8,1
4668,8,2
4669,8,1
4669,11,1
4670,11,1
4670,18,11
4670,8,4
4671,8,3
4672,8,2
4672,11,5
4674,11,2
4674,8,1
4675,8,2
4676,8,3
4676,16,1
4677,18,5
4677,10,2
4677,8,4
4678,8,1
4678,11,4
4679,8,1
4680,8,2
4680,11,1
4681,11,6
4681,8,3
4682,8,1
4683,8,5
4683,11,6
4684,11,5
4684,8,2
4685,8,4
4685,19,2
4686,8,2
4687,8,1
4688,8,2
4688,11,2
4688,18,5
4689,11,2
4689,8,3
4690,8,11
4690,11,20
4691,8,1
4692,8,1
4693,8,1
4694,8,1
4695,8,3
4695,18,2
4696,18,5
4696,10,1
4696,8,1
4697,8,2
4697,11,6
4698,8,1
4699,8,3
4699,11,3
4700,8,1
4701,8,1
4701,11,1
4702,8,1
4703,8,1
4703,18,6
4704,8,2
4705,8,2
4705,18,2
4705,16,3
4706,18,3
4706,8,1
4707,8,6
4707,11,4
4708,11,4
4708,16,1
4708,8,2
4709,8,3
4709,16,1
4710,16,2
4710,11,4
4710,8,3
4711,8,1
4711,11,2
4712,8,2
4713,8,2
4714,8,1
4715,8,3
4716,8,4
4716,11,6
4716,10,1
4716,16,2
4717,8,2
4718,8,2
4719,8,1
4720,8,2
4720,11,1
4721,8,2
4722,8,1
4723,8,2
4724,8,2
4725,8,1
4726,8,3
4726,18,2
4727,8,2
4728,8,1
4729,8,2
4729,11,2
4730,11,7
4730,8,2
4731,8,1
4732,8,2
4732,16,1
4733,8,1
4734,8,1
4734,11,2
4735,11,3
4735,16,2
4735,18,2
4735,19,2
4735,8,2
4736,8,4
4737,8,1
4737,11,1
4738,8,1
4739,8,1
4740,8,1
4741,8,2
4741,11,2
4742,11,1
4742,8,3
4743,8,2
4743,11,1
4744,16,2
4744,8,3
4745,8,5
4745,16,3
4745,11,3
4746,11,2
4746,16,1
4746,18,5
4746,8,3
4747,8,1
4747,16,1
4747,11,3
4747,19,1
4748,8,1
4749,8,2
4749,11,2
4749,10,1
4750,8,1
4751,8,2
4751,16,2
4752,16,1
4752,8,3
4753,8,1
4754,8,4
4754,18,5
4755,11,3
4755,8,1
4756,8,1
4757,8,2
4758,8,2
4758,16,2
4759,8,1
4760,8,2
4760,11,3
4761,8,1
4762,8,2
4763,8,1
4763,11,1
4764,8,2
4765,8,3
4765,10,1
4765,18,2
4766,8,2
4767,8,2
4767,18,4
4768,8,1
4769,8,1
4769,16,1
4770,18,1
4771,8,1
4772,8,2
4772,16,2
4773,8,1
4774,8,1
4775,8,1
4776,8,1
4777,8,1
4777,11,2
4778,8,3
4779,8,1
4780,8,1
4780,11,2
4780,16,1
4781,8,1
4782,8,1
4783,8,3
4784,8,1
4785,8,1
4786,8,1
4787,8,1
4788,8,1
4789,8,1
4789,11,1
4790,18,2
4790,8,2
4791,8,1
4792,8,1
4793,8,1
4794,8,1
